age,income,loan_amount,credit_score,employment_years,existing_loans,debt_to_income,default
59,80795.13,20385.06,703,16,1,0.293,0
49,49772.0,1000.0,710,21,0,0.059,0
35,57410.0,17017.34,620,12,0,0.309,0
63,34426.51,5511.45,662,11,0,0.224,0
28,29439.55,19867.54,697,9,3,0.644,1
41,22125.19,20714.55,688,0,0,0.917,1
59,37296.73,13624.42,654,29,1,0.236,0
39,86051.24,13642.65,779,7,3,0.154,0
43,23945.46,8549.1,702,20,1,0.386,1
31,48929.28,4235.33,609,21,4,0.101,0
31,29137.09,28584.74,610,17,0,0.95,1
44,42980.52,8079.43,600,1,3,0.23,1
56,58393.88,27542.37,707,15,3,0.468,1
60,40997.68,8124.0,594,11,0,0.236,0
44,76793.3,19201.52,612,8,2,0.274,0
23,85679.56,5897.54,745,2,2,0.14,0
42,15000.0,19187.16,667,21,1,1.296,1
22,41340.15,12395.3,758,25,0,0.33,0
44,56182.84,12499.87,722,20,0,0.219,0
64,77522.34,19880.19,544,29,4,0.231,0
50,45915.11,11246.87,641,27,2,0.269,0
58,54601.29,3574.81,739,3,2,0.141,0
22,31865.12,21090.44,540,25,0,0.631,1
41,24344.08,5832.8,688,1,1,0.227,0
53,83907.69,19132.14,646,7,0,0.229,0
32,18518.6,22783.97,492,9,1,1.265,1
42,101572.38,11996.05,661,15,2,0.135,0
64,69503.03,24458.82,575,22,4,0.398,0
45,68599.46,18854.27,545,10,3,0.374,0
47,66509.37,9433.11,651,17,2,0.11,0
62,49946.29,26211.43,476,21,1,0.555,0
48,62841.69,5866.63,589,13,0,0.109,0
36,51222.07,11986.4,850,7,2,0.235,0
35,66061.47,13349.48,709,22,4,0.232,0
64,54326.27,19841.79,571,14,1,0.352,0
23,35993.04,23923.47,776,16,0,0.681,1
57,37588.55,23422.33,561,20,3,0.558,1
27,35314.55,16789.99,600,17,1,0.449,1
41,74418.01,12757.85,547,5,0,0.224,0
29,42651.07,1000.0,673,22,3,0.074,0
59,16757.94,4486.83,773,29,0,0.281,0
38,62936.77,29133.24,560,13,3,0.44,1
24,85290.35,1000.0,465,22,3,0.053,0
45,70461.66,8724.07,748,2,3,0.186,0
34,42933.53,24156.85,790,6,0,0.542,0
29,23263.77,16677.71,470,14,3,0.644,1
46,52314.64,22424.36,691,20,1,0.451,0
22,51815.52,19342.63,670,23,4,0.419,0
40,35616.01,26756.66,579,27,4,0.781,1
48,66020.75,17363.42,525,15,3,0.341,1
27,91932.53,20307.58,739,15,4,0.299,0
64,59445.65,9206.03,666,7,4,0.14,1
28,58209.52,19690.66,673,6,3,0.348,1
55,36255.44,11830.99,594,5,3,0.301,1
34,82948.29,11375.15,578,1,1,0.086,0
37,53497.12,22157.79,429,21,2,0.366,1
56,43420.73,22212.99,629,12,0,0.547,1
60,56273.77,28507.54,779,11,3,0.522,0
24,64439.23,27986.11,570,14,3,0.479,0
22,57784.31,22338.52,513,26,4,0.513,1
26,79123.07,1236.44,689,8,1,0.041,0
62,62679.43,29621.45,706,1,4,0.433,0
24,49321.16,22343.74,597,16,3,0.505,1
49,63023.84,8873.12,619,26,3,0.1,0
38,64992.74,20831.27,674,28,4,0.408,0
46,29072.48,6701.87,636,4,3,0.132,1
64,77988.39,19949.04,740,10,2,0.228,0
54,48981.92,4469.84,850,21,0,0.122,0
30,49493.54,8534.25,496,18,0,0.231,0
56,70027.52,20679.43,761,23,0,0.261,0
34,69943.3,23583.09,659,6,2,0.294,0
51,40983.37,17603.49,775,1,3,0.437,1
35,71058.03,12710.65,715,15,4,0.274,0
28,43791.04,1000.0,656,11,1,0.0,0
34,91391.46,13327.83,718,22,3,0.13,0
43,38436.12,19267.88,615,14,2,0.514,1
60,59789.55,12465.88,580,0,2,0.169,0
41,39359.65,14819.38,723,24,0,0.337,0
36,99453.91,13515.06,574,12,3,0.124,0
38,30243.58,12426.35,708,22,0,0.426,0
44,65487.25,15607.02,653,5,1,0.229,0
46,40301.79,12818.44,440,12,0,0.391,1
45,47917.85,26546.32,598,17,1,0.584,1
61,64070.76,1000.0,680,2,2,0.035,0
49,79491.69,10633.26,613,0,0,0.185,0
35,87467.93,8037.95,421,14,0,0.112,0
21,24261.04,16752.88,769,25,4,0.668,1
45,60355.02,15617.16,665,12,2,0.246,0
27,84189.87,27977.54,690,4,4,0.276,0
29,21293.78,30609.14,607,24,1,1.538,1
44,61287.67,8815.33,698,12,1,0.19,0
21,54958.32,15004.0,815,21,2,0.145,0
64,63290.84,16570.44,584,4,1,0.328,0
28,39553.92,8617.49,800,27,2,0.145,0
44,26287.62,20027.06,686,18,1,0.788,1
31,16737.87,13083.94,572,20,3,0.671,1
37,74527.68,6458.92,849,23,0,0.065,0
28,77080.98,12763.45,685,27,3,0.233,0
55,61053.71,7018.6,711,17,2,0.185,0
55,44317.03,23293.17,626,20,2,0.541,1
53,22539.08,30212.47,578,21,3,1.38,1
25,66266.91,16958.55,665,9,0,0.185,0
62,32984.41,15890.21,792,23,0,0.509,0
59,40774.03,16219.48,622,7,4,0.44,1
61,43268.72,24457.87,648,14,1,0.694,1
48,51049.3,24285.59,781,20,4,0.445,0
27,39819.19,14074.77,623,24,0,0.354,0
29,55669.18,17020.72,696,19,3,0.31,0
28,42563.63,20221.17,729,27,1,0.51,0
32,69027.46,5898.5,632,24,3,0.129,0
54,75621.26,24700.87,678,26,4,0.38,0
53,57170.85,28878.66,709,22,2,0.555,0
43,64252.53,24320.26,614,21,3,0.304,0
44,97357.12,5035.25,723,3,4,0.0,0
57,31547.93,1000.0,601,1,4,0.006,0
55,30330.64,20669.75,589,23,4,0.68,1
64,68899.96,8918.48,513,5,2,0.099,0
60,93930.86,17297.07,605,27,2,0.161,0
42,49790.03,27281.19,577,2,2,0.531,1
47,89536.68,9744.36,614,6,1,0.138,0
55,56928.67,11979.56,705,9,2,0.159,0
21,41382.25,17213.78,495,22,2,0.412,1
55,35186.15,4619.92,472,5,2,0.128,1
57,67588.27,8937.15,583,15,3,0.16,0
34,36700.82,15198.86,692,1,2,0.472,1
23,56625.54,12596.36,676,23,1,0.307,0
21,86669.3,19867.26,581,16,4,0.192,0
25,48864.39,37127.84,755,12,3,0.66,0
46,81280.19,15793.11,591,0,0,0.182,0
34,30709.13,8266.3,692,5,2,0.19,0
59,44321.82,26345.92,617,4,4,0.731,1
47,26857.12,2289.45,572,24,4,0.042,0
29,56459.94,3888.73,596,12,3,0.097,0
35,70601.56,10239.17,716,27,0,0.192,0
35,56503.74,12736.91,682,22,1,0.242,0
46,79541.0,10047.42,737,17,4,0.23,0
62,40016.42,14747.9,682,28,4,0.358,1
33,59506.86,17197.94,505,11,4,0.247,0
52,44450.61,23551.68,840,6,4,0.486,0
59,62233.53,15729.51,684,14,3,0.29,0
52,65074.72,10504.43,696,2,0,0.152,0
24,66647.92,23117.16,616,15,4,0.303,0
50,33588.11,8458.28,750,0,1,0.274,0
57,37205.08,1939.18,552,26,1,0.088,0
43,40914.25,24647.65,705,15,2,0.616,1
59,50222.39,24134.83,463,23,4,0.526,1
35,56743.73,8661.61,711,29,4,0.157,0
63,69161.78,11807.21,553,11,4,0.141,0
49,38038.03,7664.58,675,18,4,0.242,1
56,22979.61,17612.99,772,26,4,0.722,1
33,98114.86,28856.39,724,7,1,0.238,0
52,32370.94,20623.05,760,22,0,0.695,1
27,71726.47,23285.8,751,11,0,0.307,0
42,55625.34,21557.83,603,14,2,0.471,1
48,60026.11,14999.05,704,1,1,0.293,0
22,54968.99,23666.72,495,28,4,0.409,1
62,47303.16,20960.24,588,29,0,0.467,0
26,64279.45,26515.57,775,29,3,0.539,0
48,46228.26,11323.61,615,16,3,0.283,0
48,78326.05,1095.11,482,6,3,0.043,0
64,66368.82,23362.01,831,12,4,0.322,0
64,66991.88,17798.16,701,0,4,0.358,0
40,44857.54,12631.63,719,5,2,0.347,0
50,50272.91,13078.78,562,12,2,0.231,0
31,31241.74,35437.49,676,10,2,1.228,1
48,47939.68,9862.44,673,9,3,0.214,1
45,34268.48,8173.57,576,15,4,0.196,0
59,81261.37,15682.27,635,26,3,0.163,0
53,56010.72,24443.93,515,25,2,0.48,0
21,58409.94,33227.22,619,23,4,0.527,1
47,50497.07,20258.92,738,22,1,0.346,0
33,58951.58,4836.73,583,19,0,0.06,0
61,104297.55,30766.91,822,16,0,0.281,0
23,48997.19,14844.25,521,16,2,0.269,1
59,41991.74,8298.32,627,3,3,0.175,0
26,65593.86,6364.86,591,4,1,0.143,0
28,15000.0,21690.63,634,27,4,1.459,1
47,56279.14,16910.64,773,22,3,0.275,0
29,47565.74,17760.6,561,13,2,0.352,0
57,35153.73,25292.02,609,19,3,0.713,1
53,65155.15,8582.76,709,9,2,0.128,0
62,56079.77,25929.24,658,13,0,0.459,0
64,18951.82,10846.74,666,27,0,0.616,1
44,42069.41,32312.06,563,0,3,0.778,1
35,15000.0,19789.91,644,10,1,1.331,1
52,60865.39,7638.09,752,25,4,0.197,0
52,60665.99,1000.0,505,22,2,0.11,0
44,39134.36,21471.4,587,17,4,0.487,1
61,65802.25,12006.56,487,15,0,0.104,0
32,29350.03,13755.47,698,28,1,0.451,1
59,35669.66,21129.57,760,26,1,0.632,0
22,63343.81,23083.31,633,17,4,0.383,0
23,41226.66,24789.68,560,7,0,0.654,1
57,53746.86,5601.27,562,27,4,0.085,0
37,43727.02,26407.16,623,9,3,0.506,1
22,46781.38,10367.64,623,25,1,0.153,0
22,47655.52,1000.0,732,9,1,0.049,0
48,40864.86,5572.48,590,4,3,0.189,0
43,61048.99,16744.2,689,9,0,0.179,0
57,42441.43,7169.49,623,17,1,0.239,0
52,55313.73,14295.64,583,20,2,0.282,0
53,40425.37,17706.02,620,23,2,0.434,1
21,24314.03,13548.92,680,5,0,0.526,1
39,73248.7,11045.17,732,2,3,0.23,0
22,64990.54,4994.43,627,7,4,0.122,0
64,100773.64,15175.55,542,29,0,0.175,0
46,34120.54,1000.0,740,8,4,0.0,0
52,50820.79,9512.02,569,4,0,0.268,1
26,52429.85,7577.73,673,28,2,0.146,0
52,74787.39,13084.99,648,1,3,0.19,0
24,44857.84,13293.36,636,1,2,0.3,0
31,31579.16,22679.65,606,6,3,0.68,1
37,79156.19,27667.82,706,16,4,0.366,0
58,48667.0,6057.77,328,9,0,0.159,1
44,72572.87,30942.66,752,11,1,0.404,0
25,70243.97,8765.64,568,1,1,0.136,0
54,54402.19,16380.21,687,9,3,0.304,0
26,51513.73,19086.9,682,19,3,0.416,0
42,47168.7,34556.66,765,0,2,0.718,1
31,54696.14,10661.74,668,3,1,0.206,0
36,72262.0,1000.0,575,12,2,0.036,0
53,39071.2,26923.04,506,11,4,0.673,1
29,57176.91,8333.01,619,10,1,0.104,0
26,32627.37,12107.29,474,28,4,0.338,1
36,35117.88,6058.0,593,9,0,0.193,0
49,54381.22,12130.37,624,14,2,0.211,0
23,15796.84,8276.87,588,4,3,0.512,1
40,96211.17,20411.53,654,24,1,0.242,0
56,31138.8,15646.33,629,16,2,0.553,1
39,54198.23,9551.56,621,27,3,0.236,0
46,78364.35,22966.98,432,4,0,0.262,0
23,37741.89,17039.97,533,1,1,0.498,1
39,15000.0,1000.0,708,8,4,0.171,0
40,46101.08,22357.63,722,5,0,0.491,0
52,37503.59,16478.94,485,17,3,0.436,1
27,15000.0,26125.86,577,13,1,1.728,1
61,60697.8,15991.34,746,18,1,0.21,0
53,59141.88,8666.33,585,13,0,0.189,0
60,77846.53,13365.64,640,7,1,0.168,0
59,32583.55,21431.35,780,16,3,0.65,1
38,23017.27,8834.1,617,27,0,0.418,0
60,46865.54,11477.63,605,2,4,0.284,0
21,53233.15,13226.49,636,28,0,0.218,0
31,73426.99,5805.03,817,9,0,0.05,0
48,83211.36,8949.41,690,16,4,0.076,0
45,79289.58,16380.4,652,26,3,0.312,0
43,60530.87,24619.82,603,10,2,0.481,1
51,70989.99,17537.18,698,7,2,0.282,0
50,42190.13,14633.11,709,0,4,0.328,0
62,58367.9,8349.83,553,12,3,0.13,0
55,31174.2,23761.28,712,20,1,0.78,1
27,56253.71,18468.04,636,3,4,0.439,0
36,56772.93,9346.16,652,6,2,0.179,0
46,89442.57,22189.19,570,13,3,0.274,0
22,50420.34,19476.62,614,4,0,0.259,0
21,56800.86,8491.76,557,23,3,0.162,0
32,59739.23,14188.97,553,27,3,0.168,0
25,45903.59,11057.82,684,29,2,0.217,0
57,38950.15,36068.3,618,10,2,0.928,1
52,80976.23,19253.96,533,16,1,0.223,0
29,35381.65,16494.1,846,4,1,0.434,0
61,28441.64,18781.3,549,19,4,0.629,1
55,68605.31,26033.3,748,2,0,0.369,0
39,78156.3,14332.96,517,4,1,0.171,0
36,45971.81,10280.73,691,25,2,0.225,0
23,46278.93,21754.27,627,14,3,0.467,1
40,60650.87,13600.44,593,18,4,0.288,0
44,40842.95,6440.84,668,15,1,0.055,0
53,39365.75,4882.51,656,7,3,0.136,0
44,72591.85,27234.37,577,12,3,0.379,0
31,67142.62,16053.16,573,15,1,0.232,0
28,81223.18,10283.46,508,2,0,0.091,0
56,29948.22,13125.32,678,0,0,0.431,1
58,44950.75,21459.56,537,8,4,0.396,1
60,60623.59,12652.76,650,8,0,0.219,0
40,36487.58,3404.64,703,21,4,0.113,0
55,67833.75,17606.73,669,25,2,0.224,0
45,79492.54,24666.78,585,16,1,0.407,0
55,43332.84,24131.71,732,23,3,0.551,0
45,55771.84,10525.36,613,1,4,0.191,0
49,84112.37,25153.38,530,8,0,0.366,1
38,90985.43,16703.6,624,29,4,0.291,0
38,69916.03,24929.18,703,23,4,0.3,0
22,66868.58,19589.5,589,18,0,0.264,0
55,37925.27,2827.23,729,12,0,0.069,0
36,62184.19,28973.91,581,4,1,0.429,0
61,66136.42,15414.27,593,8,3,0.275,0
56,50792.6,19614.35,556,12,1,0.344,1
53,43104.47,4247.64,712,0,1,0.162,0
24,29374.05,19042.61,645,24,0,0.679,1
53,20245.4,23823.42,562,14,0,1.235,1
34,16042.33,30482.56,614,3,3,1.858,1
41,66588.85,26203.2,374,3,4,0.374,0
40,57953.99,19433.8,720,19,1,0.38,0
28,45323.78,2644.98,635,9,3,0.094,0
27,48370.87,16058.18,433,27,1,0.318,1
23,59209.41,10259.92,519,24,4,0.166,0
37,51708.74,16879.82,612,29,1,0.305,0
53,28188.94,5269.39,532,5,2,0.178,1
32,73260.0,13318.66,721,26,3,0.134,0
42,61082.52,10862.54,688,23,0,0.121,0
42,60317.97,10614.67,682,11,1,0.226,0
50,71751.25,10694.11,416,29,3,0.139,1
58,38727.09,13913.16,603,19,3,0.417,1
58,79274.63,17289.56,587,15,1,0.248,0
28,52199.14,1000.0,564,2,0,0.035,0
47,72771.98,1000.0,613,13,0,0.0,0
47,69688.98,12290.47,549,0,1,0.116,0
54,34223.96,13417.85,669,9,3,0.369,0
41,65058.01,16512.89,719,14,0,0.33,0
50,61525.49,9178.62,711,6,1,0.194,0
53,55606.23,15075.72,638,3,1,0.244,0
48,53112.56,16012.19,830,13,1,0.279,0
53,53282.14,9123.54,753,23,3,0.125,0
25,71253.79,23107.65,641,15,0,0.247,0
39,66558.21,16415.89,607,13,3,0.252,0
24,55609.58,19375.69,770,2,2,0.435,0
55,25161.28,15550.77,741,16,0,0.705,1
37,64888.87,31829.38,523,20,3,0.521,1
64,69472.27,19771.18,748,13,0,0.254,0
48,101008.2,11096.05,636,17,2,0.037,0
50,76508.66,21567.74,573,2,4,0.334,0
49,17016.47,1899.16,472,29,1,0.134,1
26,56568.59,15956.8,626,21,3,0.266,0
55,91227.5,17553.28,649,18,2,0.168,0
61,67470.98,16048.17,793,2,2,0.268,0
57,61573.04,12329.77,736,11,0,0.159,0
44,73004.57,6901.81,598,21,0,0.107,0
49,42552.44,8685.22,685,4,1,0.143,0
51,64561.8,15816.6,724,9,0,0.356,0
55,49990.64,6091.85,658,8,3,0.088,0
53,54607.53,29161.34,597,0,3,0.566,1
41,71569.09,1000.0,602,12,3,0.0,0
52,36465.74,12412.5,685,2,4,0.332,0
43,80759.65,15883.12,687,18,3,0.241,0
53,46543.76,19059.37,624,10,0,0.465,0
23,60213.26,7672.6,414,15,0,0.166,0
38,26989.84,24074.36,534,5,3,0.885,1
45,69396.75,3849.35,706,23,2,0.022,0
62,83930.08,10470.97,458,2,2,0.071,0
51,44707.17,19965.98,757,18,2,0.522,0
23,32795.53,23321.51,743,5,1,0.716,1
60,60559.66,3767.99,654,7,4,0.077,0
44,84096.21,36160.29,704,21,3,0.488,0
52,26002.87,7820.07,698,12,1,0.33,0
42,32873.84,4502.54,639,11,2,0.131,0
43,45916.21,19021.72,526,29,3,0.451,0
22,38593.12,12213.65,737,9,1,0.285,1
47,38656.29,11031.58,777,2,0,0.208,0
62,15000.0,19765.15,541,3,2,1.388,1
22,66781.14,2781.63,523,0,1,0.015,0
46,61774.41,1382.92,638,12,0,0.007,0
37,21023.02,10220.61,594,23,2,0.475,1
60,84143.92,23623.21,663,3,4,0.251,0
53,88621.85,10567.56,759,21,2,0.174,0
29,39981.89,27793.25,448,10,4,0.714,1
63,78330.97,24608.12,792,18,4,0.299,0
59,43540.04,17263.57,613,10,4,0.333,1
49,58622.33,17717.79,696,11,3,0.317,0
62,38284.76,17256.02,706,10,3,0.328,0
46,99285.03,16277.74,716,5,4,0.176,0
55,49079.66,12070.07,656,11,0,0.313,0
45,57528.98,12998.5,677,26,4,0.229,0
44,41241.25,6440.32,676,8,1,0.216,0
33,92226.31,1000.0,593,24,4,0.0,0
27,92732.29,23832.56,492,9,3,0.359,0
56,87618.58,16258.07,540,2,3,0.24,0
40,74128.81,15049.69,641,2,1,0.227,0
21,42504.21,18187.59,579,19,1,0.398,0
28,71557.0,8372.82,579,27,2,0.079,0
36,54859.14,6991.5,812,22,0,0.124,0
34,81248.17,12730.52,727,15,0,0.217,0
32,77318.04,25944.79,627,2,0,0.27,0
43,42014.69,5650.07,710,9,3,0.135,0
35,73956.52,1000.0,612,23,0,0.05,0
48,68640.69,10828.79,660,10,2,0.204,0
54,15000.0,24141.6,690,7,2,1.646,1
22,71018.73,1139.65,612,5,0,0.0,0
52,46364.08,5557.73,588,19,1,0.176,0
43,37279.15,17108.37,760,10,2,0.462,0
42,38134.79,35559.26,705,27,1,0.878,1
45,52295.14,4134.31,447,26,3,0.078,0
42,64601.19,3824.53,590,20,2,0.0,0
42,27690.76,17709.59,580,11,1,0.668,1
62,58796.96,24637.4,594,15,0,0.413,0
26,66535.16,10007.21,728,17,3,0.087,0
35,92236.12,2028.85,652,12,4,0.007,0
63,33466.2,18469.99,525,21,4,0.517,1
57,48007.76,19918.73,616,2,0,0.383,0
53,60233.26,29229.24,699,14,3,0.372,0
28,77948.19,20255.58,630,21,3,0.176,0
64,48915.52,21624.53,592,27,3,0.431,1
64,78972.83,12902.84,680,20,3,0.143,0
25,16252.75,34532.03,796,13,4,2.0,1
59,29933.04,11814.86,692,17,1,0.363,1
24,61972.89,10104.62,767,27,3,0.137,0
26,26783.51,29476.12,598,28,1,1.077,1
52,31510.59,3206.1,649,13,3,0.092,0
50,44444.46,1000.0,647,4,2,0.027,0
55,70428.78,15956.46,661,20,2,0.206,0
60,17080.7,14986.11,690,13,2,0.906,1
36,58405.97,13176.9,567,24,3,0.341,0
33,75659.28,22951.44,708,26,1,0.262,0
62,51101.1,7734.35,503,7,4,0.171,1
50,47623.4,15513.34,530,27,0,0.327,0
39,63035.43,12119.15,842,27,4,0.245,0
37,51157.78,7870.25,604,22,3,0.164,0
39,82810.0,14505.28,716,14,2,0.139,0
48,32771.74,21820.77,803,27,2,0.608,1
46,53967.12,31964.54,442,28,1,0.623,1
57,59113.73,19635.35,751,14,3,0.278,0
46,47430.92,1000.0,708,29,4,0.08,0
43,15000.0,14694.88,798,18,3,1.007,1
29,51781.9,15398.42,544,25,3,0.302,0
32,73003.54,22489.67,781,19,2,0.242,0
21,70562.18,16478.48,583,5,4,0.267,0
21,62095.57,25024.71,745,18,0,0.484,0
54,33042.75,18133.36,647,26,2,0.528,0
52,62906.19,27470.38,719,24,4,0.4,0
45,43531.24,11490.03,654,7,1,0.259,0
60,62069.66,16154.75,484,5,2,0.284,0
21,57430.1,21613.13,369,19,1,0.35,1
36,35472.49,10422.45,669,22,2,0.339,0
59,37150.88,8679.9,626,28,3,0.329,0
25,62100.45,9965.18,686,14,4,0.177,0
42,50577.74,9006.28,627,26,1,0.162,0
49,38194.37,19180.5,832,2,2,0.524,0
23,36543.4,1000.0,671,9,1,0.086,0
32,48923.38,2552.24,610,14,2,0.06,0
46,86362.1,29901.97,680,23,2,0.37,0
36,44478.44,9199.23,611,15,0,0.242,0
57,54719.61,16600.12,658,16,0,0.26,0
42,57032.89,3086.83,540,18,0,0.077,0
49,32379.47,15752.99,649,10,1,0.419,0
34,19743.35,9247.95,607,15,3,0.435,1
48,34467.19,2495.28,549,4,2,0.13,0
25,59941.55,25695.36,828,4,4,0.472,0
50,56746.62,24460.53,552,25,0,0.418,0
25,69048.13,14141.16,651,13,1,0.29,0
32,56935.0,22995.35,578,17,1,0.338,0
36,52809.01,30226.34,677,25,1,0.562,0
46,42919.75,21032.61,535,7,4,0.504,1
46,72692.14,18837.44,726,4,4,0.119,0
41,36616.4,16591.6,833,6,0,0.445,0
59,32792.01,20195.98,574,15,4,0.56,1
56,66341.11,12088.64,760,22,0,0.127,0
53,28336.85,12786.91,616,13,4,0.438,1
50,103295.82,18607.13,786,4,4,0.089,0
57,56599.87,11209.08,847,23,4,0.158,0
43,61958.12,12073.6,629,8,0,0.105,0
30,38831.6,15001.49,513,3,2,0.393,1
25,48694.7,24204.86,735,3,0,0.502,0
56,46464.86,5938.69,670,15,2,0.11,0
54,44163.3,21073.43,695,23,1,0.527,1
51,67659.24,21334.37,619,16,1,0.301,0
30,46008.48,21286.5,570,14,0,0.462,1
39,75350.02,8546.03,754,3,2,0.068,0
52,108263.65,1458.55,679,5,2,0.0,0
21,49089.18,19477.6,520,15,2,0.39,1
25,58046.31,16500.31,712,28,1,0.27,0
24,62589.64,23035.01,694,3,0,0.454,0
36,91230.1,9395.71,621,5,3,0.136,0
44,53347.04,21080.95,796,4,2,0.375,0
36,38419.66,23435.3,594,15,2,0.617,1
22,29673.19,14237.52,635,29,3,0.525,0
48,53840.32,18335.44,719,24,0,0.366,0
52,46032.4,18055.73,657,15,2,0.476,0
47,95200.19,8428.24,525,9,0,0.049,0
40,90397.25,19248.77,667,8,2,0.262,0
44,34312.54,27979.99,613,3,4,0.794,1
32,40784.8,15177.63,727,28,2,0.382,0
55,56475.4,3312.6,664,13,4,0.031,0
53,82944.53,9502.19,659,3,0,0.107,0
53,56140.26,1000.0,556,11,2,0.028,0
63,42055.19,25322.09,629,23,1,0.632,1
57,53822.36,21112.84,737,9,1,0.395,0
32,42430.3,10989.05,580,3,3,0.135,0
23,67049.54,3655.52,647,17,1,0.051,0
21,40819.33,8333.64,566,12,4,0.278,0
53,44791.28,9893.78,543,12,1,0.217,0
60,78238.68,15875.26,642,13,1,0.278,0
30,39632.7,15606.07,666,17,1,0.388,0
63,26077.44,25731.46,829,0,2,0.908,1
64,56899.88,9457.96,609,20,3,0.145,0
49,47790.53,2934.5,645,15,0,0.033,0
33,65228.31,5744.17,537,14,3,0.077,0
32,61349.44,14815.8,705,21,4,0.182,0
51,54361.63,9170.58,686,24,2,0.168,0
22,53779.13,12663.93,784,4,2,0.219,0
55,40282.83,11367.73,750,28,1,0.347,0
43,56666.94,22921.91,682,5,1,0.344,0
37,72625.7,10304.27,608,5,4,0.154,0
46,35531.07,11981.26,668,2,2,0.358,0
28,54892.05,20738.27,640,15,0,0.417,0
49,75767.78,10480.14,736,11,3,0.12,0
46,65108.48,18385.7,724,3,2,0.293,0
30,81189.46,17651.88,623,0,0,0.235,0
46,43637.15,16134.13,518,3,0,0.287,1
54,18384.63,5924.83,770,0,3,0.306,0
61,59013.04,24838.19,702,20,0,0.419,0
27,62251.42,32765.47,621,26,4,0.531,0
24,82368.44,15070.63,699,26,0,0.187,0
31,78762.91,6629.16,657,7,4,0.106,0
49,65734.87,15232.82,769,23,0,0.329,0
56,70307.8,22918.88,476,4,1,0.296,0
45,51163.57,10078.5,614,29,0,0.216,0
41,30617.71,13968.81,794,25,4,0.521,1
56,57354.42,17725.23,701,1,0,0.219,0
30,74651.47,24624.38,810,11,0,0.343,0
57,68127.22,21203.39,540,21,0,0.227,0
29,71676.15,21534.94,746,16,4,0.41,0
44,46444.89,11589.85,741,6,0,0.276,0
55,49689.06,18215.35,499,10,3,0.386,1
55,64668.51,9224.29,623,3,3,0.049,0
56,44069.85,21764.21,640,4,4,0.469,0
38,44685.66,24209.76,504,5,1,0.517,1
59,60959.64,19426.91,625,10,3,0.407,0
52,70218.09,12060.72,729,0,2,0.208,0
44,51009.43,13370.18,615,24,3,0.179,0
43,31736.21,29452.13,672,9,2,0.952,1
52,40283.92,12194.32,672,19,4,0.228,0
57,59073.44,23399.95,649,23,1,0.315,0
32,58830.42,17711.13,587,20,2,0.324,0
33,59824.76,12326.91,709,10,2,0.243,0
43,65425.91,4242.81,507,23,3,0.088,0
45,55116.21,16692.8,651,16,2,0.397,1
55,60301.12,15728.81,775,7,4,0.279,0
61,54099.46,29452.28,610,26,4,0.553,1
50,77974.67,8118.46,585,12,4,0.043,0
37,83646.84,33358.15,715,26,3,0.442,0
40,31219.77,18030.48,665,19,1,0.495,0
45,49894.96,18022.63,717,17,3,0.462,0
42,55654.49,10255.42,653,26,4,0.228,0
33,49661.71,17517.65,435,21,3,0.492,1
39,90858.45,18784.41,756,15,4,0.226,0
56,59479.11,22498.62,836,1,0,0.424,0
32,38892.56,7173.42,766,4,0,0.171,0
61,66928.85,26254.25,332,17,2,0.39,1
39,60419.49,17891.32,691,2,1,0.244,0
32,61083.86,19865.83,608,26,0,0.253,0
29,91157.52,13232.46,552,21,4,0.155,0
27,62015.7,7574.86,661,16,3,0.12,0
48,48926.77,15581.8,637,15,3,0.265,0
34,15894.47,16498.36,696,5,2,0.993,1
51,51692.02,3916.57,655,18,3,0.077,0
39,81119.4,21346.28,549,6,0,0.208,0
36,53176.62,22972.2,598,17,3,0.45,1
25,15000.0,9162.68,584,13,0,0.558,1
55,45032.75,6819.32,496,5,0,0.164,0
32,74853.77,12576.31,527,7,1,0.11,0
45,65916.34,15191.16,631,14,2,0.173,0
41,38202.38,12886.63,778,14,4,0.219,0
56,43694.3,14512.66,602,14,0,0.324,0
43,46785.83,16771.82,582,15,2,0.431,1
36,41745.72,4053.85,544,0,4,0.167,0
59,15000.0,4973.63,653,10,3,0.348,1
62,70271.82,1000.0,756,26,2,0.0,0
59,80141.2,22540.36,830,28,2,0.323,0
34,24631.02,15121.82,676,24,2,0.625,0
51,79877.06,23382.81,663,4,3,0.272,0
25,52939.54,5898.1,601,4,3,0.172,0
55,79502.65,15195.26,616,28,2,0.222,0
43,55759.01,16718.61,707,27,1,0.398,0
49,57710.89,10505.74,622,20,0,0.112,0
63,62448.69,2572.58,635,5,3,0.0,0
31,39198.67,28966.97,648,1,1,0.681,1
38,78893.48,26194.27,597,5,3,0.318,0
32,32572.39,11944.54,643,13,2,0.446,1
29,46958.67,19081.82,468,10,1,0.375,1
30,65485.29,11121.67,699,3,4,0.14,0
64,44816.1,7036.77,850,23,0,0.178,0
37,70550.62,29618.09,600,28,0,0.462,0
58,82517.32,1757.05,684,26,3,0.0,0
27,75250.92,12715.97,727,24,0,0.221,0
33,16277.69,15674.59,765,8,4,0.93,1
60,57516.94,28209.89,626,23,1,0.485,1
62,75573.65,22172.71,488,2,1,0.364,0
29,28665.02,1622.0,674,25,2,0.046,0
47,69472.21,14978.0,662,15,1,0.139,0
22,68349.22,15168.48,619,10,3,0.148,0
25,30758.2,13173.29,638,26,4,0.427,1
49,71684.65,19958.47,663,3,2,0.262,0
57,60453.96,3727.14,683,0,3,0.065,1
58,68007.64,11730.91,679,24,3,0.152,0
39,35673.75,18830.55,630,20,3,0.59,1
28,58002.72,20436.61,685,21,0,0.354,0
21,20902.43,16195.36,624,15,3,0.687,1
42,15000.0,12692.86,708,18,0,0.887,1
37,57816.57,14040.47,594,15,1,0.338,1
27,77011.95,20923.26,657,10,0,0.279,0
45,60058.74,15271.21,504,25,3,0.266,1
24,53731.08,6665.22,617,7,4,0.085,0
56,51249.32,5132.02,701,22,4,0.088,0
26,36148.69,3082.9,557,0,1,0.11,0
51,50562.78,26644.65,621,25,3,0.584,0
39,63433.69,21459.69,434,27,0,0.361,0
64,46295.56,14148.1,527,20,4,0.397,1
59,70011.74,11369.66,550,25,2,0.167,0
47,58919.5,10408.56,659,8,3,0.121,0
30,61339.59,23745.9,680,27,3,0.332,0
46,72773.26,30235.47,645,26,2,0.477,0
39,44464.89,10156.86,616,11,4,0.279,1
59,68187.61,24107.32,616,21,2,0.271,0
23,47270.47,15224.1,714,7,1,0.312,0
33,61790.29,13300.57,669,25,0,0.207,0
48,42084.57,27033.71,620,16,0,0.605,1
40,36785.92,14918.67,766,9,4,0.335,0
48,56837.29,17370.92,825,26,2,0.267,0
28,17296.0,16986.19,538,6,3,0.934,1
61,49074.65,1995.21,697,18,3,0.0,0
59,22872.46,17307.29,850,24,3,0.798,0
21,70584.68,10498.46,675,5,1,0.163,0
23,76002.21,3630.77,660,20,1,0.025,0
33,37720.98,10862.9,645,23,3,0.184,0
48,63566.26,10796.89,694,23,4,0.155,0
45,72982.71,23239.06,718,27,1,0.344,0
53,73049.38,6489.68,538,27,1,0.052,0
58,59289.02,8681.22,648,18,0,0.089,0
26,69686.09,16883.11,446,17,0,0.236,1
64,42013.37,4393.65,631,14,4,0.121,0
52,56662.45,9727.95,569,1,1,0.072,0
41,45657.93,1684.19,681,13,1,0.105,0
36,40324.24,22360.09,501,20,2,0.492,1
41,55721.27,12589.1,604,9,4,0.205,0
31,61950.61,14872.66,737,27,4,0.299,0
57,78270.18,22328.08,589,15,2,0.292,0
56,60303.11,9221.85,479,6,2,0.208,0
55,67838.61,12504.1,673,7,0,0.262,0
39,68065.66,6549.38,597,9,4,0.023,0
40,108750.69,6531.97,633,14,4,0.105,0
38,18799.35,7635.34,584,7,2,0.472,1
61,41241.32,11060.08,828,12,3,0.249,0
34,84481.12,11921.64,510,11,3,0.126,0
35,47959.74,17309.06,850,7,0,0.265,0
51,72716.06,7870.26,615,14,3,0.147,0
21,59600.19,17557.06,667,25,3,0.168,0
23,97104.05,18880.01,598,11,3,0.243,0
36,32738.91,11257.42,595,10,1,0.273,0
43,79436.01,8562.2,579,18,0,0.177,0
31,89991.63,15680.63,704,13,2,0.194,0
32,34711.62,13376.66,523,26,3,0.436,1
30,70657.4,16762.81,683,17,1,0.197,0
52,35690.04,27558.93,453,12,3,0.706,1
36,55603.23,15549.1,675,3,1,0.191,0
28,49868.24,9886.16,726,16,0,0.253,0
58,15000.0,7872.88,535,18,3,0.558,1
32,63484.69,8182.39,711,26,1,0.164,0
44,57866.78,3297.87,655,8,4,0.072,0
48,84581.58,22461.95,794,22,4,0.293,0
28,67222.87,1000.0,573,6,1,0.0,0
48,100817.68,18904.84,850,0,3,0.206,0
56,57140.85,8055.49,435,6,3,0.098,0
46,52889.4,10900.76,620,25,0,0.189,0
28,51312.87,7816.1,497,6,0,0.304,1
48,46208.23,26566.92,817,19,2,0.577,0
48,15000.0,15130.52,626,6,0,0.91,1
57,50596.11,21323.03,635,7,3,0.401,1
61,15000.0,25404.21,690,15,2,1.641,1
56,64040.67,16307.24,650,2,0,0.263,0
47,30198.79,5435.01,597,12,1,0.136,0
37,37113.35,13234.86,537,9,4,0.346,1
29,41611.8,9062.02,665,17,0,0.181,0
53,50901.3,10971.97,684,6,0,0.225,0
40,55137.37,14243.01,713,20,1,0.227,0
33,76689.59,13926.75,822,20,3,0.199,0
48,43449.4,18296.87,454,29,1,0.519,1
49,64602.92,19458.43,644,4,0,0.243,0
33,109617.34,13926.84,757,22,3,0.163,0
55,62547.01,18227.75,639,24,2,0.169,0
26,51390.2,10605.12,440,26,0,0.195,0
38,39416.97,25518.24,534,23,1,0.659,1
25,51113.37,10475.91,680,21,2,0.168,0
45,37275.59,24577.49,676,6,4,0.57,0
22,60373.23,3191.46,711,24,2,0.051,0
30,57070.88,11956.74,580,29,1,0.286,0
50,15000.0,12352.17,673,26,2,0.816,1
25,54628.84,17231.93,565,21,1,0.343,0
53,76522.93,21894.53,673,16,0,0.342,0
21,47017.76,5004.84,655,3,3,0.23,0
38,41942.06,6136.14,576,23,4,0.094,0
52,27445.98,3784.74,790,22,3,0.09,0
31,17840.16,25561.47,496,15,3,1.418,1
41,71626.99,17380.84,637,18,3,0.273,0
46,51370.43,6325.03,574,9,1,0.007,0
45,70440.43,11455.24,815,2,1,0.195,0
42,85626.47,24454.09,704,26,4,0.293,0
47,73424.95,12775.05,592,2,1,0.147,0
33,44152.55,12302.49,625,27,1,0.3,0
53,57897.35,8749.63,818,16,1,0.196,0
54,42704.54,6800.06,565,9,1,0.211,1
61,40834.23,24466.59,491,16,0,0.6,1
55,61856.3,28391.21,676,21,4,0.475,0
21,38354.12,7118.44,678,29,1,0.2,0
41,15000.0,26239.54,710,29,4,1.811,1
26,37237.04,11100.88,711,16,2,0.317,1
48,48862.38,19269.18,809,20,0,0.427,0
37,85427.97,26281.71,495,3,1,0.352,0
25,45181.25,13839.39,542,20,0,0.404,0
51,65238.48,12376.46,710,22,0,0.16,0
25,51633.84,21408.65,550,5,2,0.496,1
58,79528.1,6120.38,519,11,4,0.201,0
23,78141.93,24176.49,818,24,0,0.283,0
43,78523.5,16142.48,504,21,3,0.195,0
57,20320.33,10378.0,618,24,2,0.489,1
57,59134.48,10166.66,645,19,3,0.205,0
30,70178.77,3932.3,768,16,2,0.0,0
30,62630.77,10710.62,482,16,3,0.146,0
39,67731.93,12887.7,687,9,3,0.177,0
37,56167.02,6509.65,570,6,0,0.098,0
41,40104.32,14636.28,706,28,0,0.346,0
34,21058.05,18783.34,568,15,2,0.868,1
29,42088.61,13292.22,792,28,4,0.355,0
21,108562.2,20301.81,569,12,0,0.214,0
33,45286.98,8542.88,428,2,0,0.274,1
24,15812.2,23027.06,579,1,1,1.495,1
21,69652.99,15974.52,626,15,0,0.174,0
60,72109.2,27362.06,747,29,4,0.371,0
52,80746.49,34313.74,537,5,1,0.411,0
54,64419.57,11238.05,539,5,3,0.187,0
48,71912.03,11567.49,736,12,3,0.216,0
51,91804.34,13030.06,526,6,1,0.151,0
28,40090.53,19765.62,634,4,1,0.502,1
59,36122.99,25607.76,636,23,1,0.709,1
46,33108.27,9777.53,670,6,2,0.336,1
54,49684.61,18049.95,583,1,4,0.335,1
23,83668.45,13912.58,567,16,4,0.093,0
32,65561.37,19944.87,680,12,3,0.336,1
21,64773.84,27075.66,569,29,3,0.437,1
64,18613.84,13077.37,528,24,3,0.769,1
25,41136.26,1641.06,761,20,0,0.0,0
50,18286.85,20951.21,694,27,3,1.141,1
50,78424.92,8338.36,809,26,1,0.112,0
37,86712.93,13855.07,721,20,3,0.084,0
43,70591.33,21296.25,536,27,1,0.297,0
35,35264.28,17379.16,659,15,2,0.552,1
57,84640.45,14186.24,559,25,0,0.272,0
41,49934.9,10392.95,501,19,0,0.257,1
34,30710.81,1000.0,610,1,4,0.016,0
22,35711.91,20586.57,738,4,2,0.64,1
31,46396.87,12976.39,675,17,1,0.325,0
59,55991.57,27106.69,525,27,2,0.46,0
58,51773.12,18184.22,607,6,0,0.322,1
54,26746.63,10671.0,637,10,1,0.391,0
58,79266.33,23534.96,498,24,2,0.244,0
54,51987.88,24209.04,714,24,0,0.45,0
38,40724.92,13247.75,629,10,1,0.35,0
50,77206.05,24549.16,525,21,1,0.37,0
35,31331.88,10557.54,520,16,0,0.318,0
47,22422.2,16277.18,749,15,1,0.795,1
54,80449.75,19571.27,616,12,0,0.276,0
58,92827.76,21278.25,757,21,3,0.264,0
53,45758.08,19972.17,791,4,3,0.391,0
44,54080.6,12338.74,742,19,1,0.319,0
35,32066.71,23749.58,602,15,1,0.768,1
50,55109.85,14004.58,425,27,0,0.237,0
62,45485.89,10447.78,678,21,1,0.204,0
37,52957.43,10565.3,838,21,4,0.184,0
25,63185.17,30519.91,647,15,3,0.432,0
49,33037.09,9064.13,471,15,1,0.324,1
24,47763.77,25333.08,589,13,1,0.485,0
30,18924.37,5916.27,633,5,2,0.327,0
37,47900.25,18903.24,551,1,1,0.372,1
30,53131.32,17376.67,419,13,4,0.361,1
37,59579.65,27969.82,641,15,3,0.51,1
40,59791.53,9764.78,579,22,2,0.131,0
44,73078.46,7554.69,810,29,0,0.102,0
25,24206.67,14067.92,659,19,0,0.509,1
54,25274.46,28318.41,692,12,3,1.205,1
26,65579.16,7926.73,639,14,0,0.174,0
22,15000.0,1000.0,658,11,4,0.0,0
33,58666.0,15478.14,501,8,1,0.22,0
63,31394.14,22596.18,556,25,3,0.713,1
63,86456.29,6889.55,748,17,2,0.082,0
31,60009.05,21783.46,669,20,1,0.329,0
43,50616.88,6712.71,614,13,0,0.075,0
36,79554.42,13827.53,694,19,0,0.194,0
51,33731.96,21021.46,696,24,2,0.71,1
31,37531.81,5500.28,829,3,4,0.149,0
36,29770.9,16452.11,665,7,2,0.538,1
28,37699.22,24719.79,554,7,3,0.636,1
24,56222.31,18791.47,640,21,2,0.279,0
60,64879.04,9234.99,705,21,0,0.109,0
24,74228.43,27149.75,740,15,4,0.423,0
45,18505.52,20267.14,505,26,4,0.992,1
23,51562.74,1000.0,673,23,2,0.023,0
52,32836.71,21913.95,569,27,3,0.669,1
23,50894.26,10429.01,599,28,0,0.211,0
47,101683.27,16572.51,726,27,1,0.199,0
49,60837.24,23064.03,717,9,4,0.382,0
52,72989.3,10603.16,589,24,2,0.123,0
39,94213.83,1835.26,636,20,3,0.0,0
41,77547.16,27044.36,602,26,3,0.414,0
25,46041.71,24316.67,850,16,0,0.58,0
38,29483.36,14301.95,675,0,4,0.629,1
48,54397.11,21827.37,574,17,0,0.387,0
62,43645.88,12044.91,769,9,1,0.244,0
42,24509.57,15775.76,772,25,1,0.666,1
41,59818.5,13845.7,811,20,1,0.253,0
26,60317.73,12368.45,838,3,3,0.237,0
21,90382.33,17874.42,714,0,4,0.24,0
25,47764.74,5334.57,619,3,0,0.143,0
61,60602.43,12987.35,632,3,0,0.268,0
32,41690.29,17515.84,624,25,1,0.481,0
46,72463.39,29704.81,614,3,4,0.471,0
54,52507.64,5659.73,762,16,4,0.0,0
34,31548.17,19164.42,650,8,2,0.619,1
46,54730.56,20041.19,737,29,4,0.32,0
47,62810.46,1000.0,711,18,4,0.069,0
29,60105.47,18284.26,551,12,0,0.19,0
46,75917.93,22042.28,495,3,4,0.364,0
42,26038.87,19709.22,539,4,4,0.714,1
50,38145.15,14328.58,612,28,0,0.321,0
63,67795.75,17665.92,662,12,4,0.278,0
37,40494.62,16358.76,592,22,0,0.385,0
46,59809.42,1484.34,713,15,2,0.114,0
56,15000.0,16546.56,603,21,3,1.171,1
21,109318.93,12063.44,673,4,0,0.085,0
28,49605.63,9361.42,661,7,0,0.241,0
55,78879.13,34879.76,806,15,4,0.415,0
35,48262.04,25020.93,562,29,0,0.491,0
42,63293.97,5798.62,849,0,1,0.127,0
34,84838.39,17773.09,597,22,1,0.282,0
46,78316.12,26664.2,529,27,2,0.318,0
48,50910.9,3030.41,630,5,0,0.041,0
43,52294.91,15615.87,850,10,4,0.314,0
34,75071.33,15992.58,731,15,4,0.168,0
44,101664.89,4804.06,704,4,3,0.126,0
22,58845.65,18036.4,722,15,2,0.261,0
46,94141.27,23929.97,581,6,4,0.223,0
34,50171.71,27064.38,679,18,3,0.628,1
27,74039.21,13005.09,650,0,4,0.186,0
23,77023.12,35013.16,813,8,3,0.552,0
43,46800.79,1000.0,640,17,1,0.01,0
63,40058.44,17849.73,616,12,1,0.572,1
38,77907.78,3701.65,545,25,4,0.078,0
58,44368.86,15721.46,663,14,2,0.317,0
55,37113.0,10824.75,676,2,0,0.253,0
35,41320.81,19055.02,542,23,2,0.388,0
45,44287.73,13984.95,691,27,2,0.248,0
57,72132.34,8392.13,671,9,0,0.083,0
48,65300.85,8917.67,741,8,1,0.087,0
30,69313.16,30459.68,759,12,1,0.311,0
59,63427.6,18548.19,658,15,0,0.335,0
37,43123.2,1382.97,557,2,3,0.071,0
59,68942.06,19406.3,575,21,2,0.297,0
42,78649.08,13442.59,809,22,4,0.114,0
46,66690.06,15036.81,665,14,1,0.308,0
64,63993.12,21559.11,807,16,4,0.328,0
45,39658.91,24465.82,695,13,0,0.575,1
37,59236.34,8129.5,718,6,4,0.149,0
33,38595.17,14762.07,734,19,4,0.391,1
40,54519.44,10631.11,540,15,2,0.07,0
45,22194.67,19774.9,678,20,0,0.889,1
24,22348.83,13141.56,539,7,4,0.594,1
30,51179.05,15234.01,624,3,1,0.279,0
23,44031.21,12837.79,708,19,0,0.225,0
61,57135.74,14151.04,558,23,1,0.183,0
38,52304.63,28637.21,700,14,3,0.573,0
56,55603.82,34126.13,515,4,4,0.652,1
42,67172.15,18016.74,753,12,0,0.246,0
54,45734.62,14200.24,590,5,1,0.33,0
28,50611.12,2234.91,558,27,4,0.021,0
60,84100.42,8916.65,521,26,2,0.063,0
64,55061.68,13986.11,598,29,1,0.265,0
39,51415.79,9279.49,478,4,1,0.123,0
62,56650.25,10120.79,601,16,3,0.273,0
61,51772.71,27603.12,749,6,2,0.461,0
57,40808.55,15230.33,633,5,3,0.387,1
26,35039.4,15945.7,544,1,2,0.463,1
46,39731.37,9606.48,670,10,1,0.245,0
54,72458.38,24420.36,662,6,3,0.411,1
26,42401.89,13299.37,826,21,4,0.179,0
57,51901.51,10833.09,721,20,2,0.229,0
53,69014.73,2353.99,678,7,1,0.02,0
42,49432.18,14511.18,731,4,0,0.323,0
41,67667.23,10583.54,638,26,2,0.159,0
26,24184.14,28476.64,643,17,2,1.174,1
26,52349.67,29751.19,799,21,4,0.508,0
24,56577.92,5117.76,503,15,2,0.057,0
50,55462.77,6022.77,737,13,2,0.265,0
31,21941.63,12789.44,640,11,4,0.613,1
50,79062.25,8471.7,624,16,4,0.16,0
51,37906.54,16739.33,600,4,3,0.424,1
44,61700.74,12387.01,664,13,1,0.158,0
29,55159.29,17244.26,646,5,1,0.351,0
23,75074.19,23128.75,613,14,3,0.213,0
51,98749.78,6486.23,587,6,1,0.033,0
60,29192.71,22961.69,479,13,2,0.769,1
57,42021.72,9170.78,585,17,3,0.265,1
56,58781.85,32187.86,604,0,3,0.568,1
44,32892.93,27967.81,664,5,1,0.827,1
51,70643.65,14095.36,827,2,0,0.218,0
26,71867.45,7291.33,595,4,1,0.086,0
22,66188.98,5761.07,558,11,0,0.141,0
40,59731.64,21989.03,586,10,3,0.38,1
48,82394.18,14756.78,664,12,0,0.266,0
31,31887.49,22414.94,703,15,2,0.689,1
24,56305.36,32633.83,716,17,4,0.641,0
35,40223.94,8836.94,724,16,0,0.224,0
26,72798.33,5158.89,737,16,4,0.036,0
50,18333.18,16540.48,625,28,2,1.032,1
58,54438.32,24158.08,835,10,4,0.509,0
22,61704.77,7476.32,618,19,2,0.133,0
35,36050.16,15277.0,660,9,4,0.462,0
31,42476.2,25960.35,767,28,4,0.557,1
28,55307.58,1936.98,701,15,1,0.0,0
46,74101.93,16882.54,448,1,0,0.284,0
64,34342.62,10679.18,651,16,4,0.311,0
25,37831.0,15993.25,728,21,3,0.415,0
26,77511.76,20678.27,529,29,1,0.252,0
46,49540.49,16766.47,718,19,0,0.346,0
24,39449.22,6918.22,685,9,1,0.163,0
39,69573.7,10990.03,757,12,0,0.056,0
40,45236.06,26412.74,588,11,2,0.655,1
53,75548.43,17631.46,740,14,4,0.228,0
40,41725.59,21722.55,664,6,3,0.612,1
32,51808.11,17002.36,809,26,1,0.24,0
21,73899.43,21472.93,850,21,1,0.202,0
46,50474.78,11830.83,788,20,1,0.221,0
34,70121.07,8859.91,693,25,1,0.175,0
58,53689.05,21109.58,850,27,4,0.332,0
57,94633.84,24018.99,704,12,0,0.191,0
31,86375.57,7685.75,568,11,4,0.108,0
56,28438.07,10392.44,646,11,2,0.35,0
33,65444.87,13694.19,719,27,4,0.236,0
63,38671.92,27958.6,724,1,4,0.708,1
23,58830.14,19505.08,549,4,2,0.351,1
53,56367.41,4407.31,552,24,4,0.146,0
26,33892.26,14256.14,619,24,0,0.36,0
30,76169.69,13032.97,698,1,3,0.23,0
25,59066.06,5613.84,710,22,2,0.01,0
43,49306.34,14161.66,663,25,1,0.318,0
30,46237.8,12679.7,575,29,0,0.345,0
64,57795.54,12106.94,806,19,3,0.183,0
22,63158.5,11740.95,554,12,0,0.218,0
33,52500.48,26771.15,767,28,0,0.486,0
60,15000.0,12090.38,716,2,1,0.835,1
22,55337.81,15397.37,765,10,3,0.165,0
40,26170.36,14529.88,610,15,0,0.563,1
21,50810.95,10959.87,637,0,1,0.235,0
57,26908.71,15636.04,655,18,2,0.648,1
29,26670.05,15522.8,607,10,1,0.628,1
37,79702.44,15638.05,670,8,4,0.188,0
29,48598.16,8126.13,792,13,1,0.181,0
31,47066.76,13351.0,533,8,1,0.211,1
35,64650.48,21082.58,591,6,1,0.408,0
44,47588.19,13561.47,581,15,0,0.32,0
58,97076.12,16294.26,642,2,3,0.075,0
55,49539.6,16336.3,638,28,1,0.342,0
50,62302.51,18339.16,720,18,1,0.31,0
51,74418.83,19469.21,653,3,4,0.223,0
25,87045.06,13606.8,677,6,4,0.161,0
64,40159.88,7709.32,686,22,2,0.148,0
34,46640.73,5250.28,672,27,2,0.042,0
31,80491.84,23141.49,713,11,4,0.257,0
29,71201.25,21162.0,639,29,3,0.306,0
54,76503.52,20194.92,798,17,2,0.31,0
32,27625.91,21489.63,850,27,3,0.781,1
55,85960.0,13707.55,714,4,4,0.206,0
55,39771.85,10000.99,671,22,2,0.284,0
21,58845.86,7156.74,706,22,1,0.07,0
60,52035.54,6285.2,551,21,4,0.153,0
42,37430.34,24697.27,666,25,2,0.693,1
49,26749.28,11054.84,584,9,3,0.5,1
28,20123.04,23438.87,696,11,3,1.185,1
31,57380.37,13504.91,585,7,2,0.174,1
61,24493.62,9590.07,619,18,3,0.364,1
57,32323.69,6245.08,482,14,2,0.101,0
34,50639.28,10294.77,544,0,2,0.229,0
50,15000.0,26345.91,682,2,3,1.839,1
55,70579.59,6326.32,572,26,0,0.0,0
41,15000.0,31933.97,746,17,1,2.0,1
57,53452.55,8275.14,564,17,4,0.18,0
25,55300.38,20999.6,691,29,1,0.326,0
39,65761.23,13837.99,581,29,4,0.223,0
34,54166.38,12435.52,685,1,4,0.177,0
46,95358.16,4828.63,512,4,1,0.073,0
24,59326.34,14212.86,609,28,2,0.243,0
45,76072.25,5733.71,574,0,3,0.092,0
62,40530.74,1547.38,729,9,0,0.0,0
45,57415.14,15956.79,692,19,0,0.239,0
38,85951.4,9916.62,539,29,0,0.14,0
60,50246.1,28474.79,632,9,1,0.542,0
28,58844.7,23000.17,580,4,1,0.398,0
59,74617.07,28579.46,736,17,2,0.406,0
60,40155.41,9552.94,764,20,0,0.227,0
34,15000.0,16089.1,520,25,2,1.13,1
52,60111.47,1000.0,724,14,0,0.007,0
58,74773.38,12745.58,576,19,1,0.16,0
53,27971.08,15787.99,627,7,3,0.533,1
43,68404.4,16232.38,653,16,3,0.289,0
35,68539.33,14661.05,813,11,3,0.179,0
53,15000.0,15532.74,560,20,3,1.098,1
45,36274.23,1000.0,725,29,4,0.036,0
37,47083.42,17049.77,545,29,0,0.496,1
53,51407.52,18867.52,538,26,3,0.334,0
22,40137.31,25704.2,653,11,4,0.704,1
34,39059.94,17949.9,652,25,4,0.485,0
60,88429.66,13954.1,395,0,4,0.132,0
60,52848.82,23839.54,754,25,2,0.477,0
59,41099.13,1000.0,457,25,2,0.048,0
26,54176.61,10880.41,637,3,4,0.184,1
26,65741.82,8873.52,769,7,3,0.156,0
23,56032.53,14723.83,849,0,0,0.321,0
27,50885.45,1000.0,617,26,1,0.045,0
28,41999.67,25557.09,521,14,2,0.588,1
62,41757.38,13001.52,766,17,3,0.288,0
35,43043.83,17550.37,728,0,3,0.403,1
49,61776.29,16784.73,606,10,1,0.327,0
53,35116.4,25099.92,595,22,1,0.677,1
50,62865.38,1000.0,585,1,3,0.036,0
59,83259.9,15898.57,619,0,1,0.113,0
47,61514.15,24169.43,678,11,3,0.423,0
56,47608.29,14216.11,599,15,1,0.336,0
49,29037.46,7389.84,610,21,1,0.356,1
58,86562.14,10168.88,708,21,3,0.164,0
53,31599.65,11856.46,517,9,4,0.355,1
57,71971.24,9231.6,616,17,3,0.052,0
47,67770.36,13777.51,499,14,0,0.229,1
53,50264.63,27065.98,660,16,1,0.522,0
24,49740.42,10221.08,475,29,2,0.222,0
42,18285.77,11098.61,730,9,1,0.571,1
22,61601.3,18678.24,532,2,0,0.295,1
30,67398.53,13601.44,490,25,2,0.117,0
25,33218.4,4366.52,617,29,2,0.079,0
30,51883.57,14510.49,804,20,3,0.22,0
53,55757.24,14208.87,714,15,4,0.298,0
58,66691.45,22805.43,477,5,3,0.301,0
33,55076.06,7222.78,529,2,2,0.2,0
51,22473.61,22858.56,614,8,2,0.976,1
56,44401.24,14217.35,850,10,4,0.425,0
44,59492.52,6136.47,565,20,1,0.006,0
35,71830.57,4529.77,566,12,4,0.084,0
49,42647.27,30475.11,787,17,3,0.717,0
28,98753.0,13720.67,668,25,1,0.078,0
25,17110.54,22492.03,745,21,3,1.287,1
49,43726.0,1335.04,585,27,4,0.017,0
24,53339.33,36101.56,641,23,1,0.689,0
32,50985.02,22145.96,768,26,4,0.388,0
22,30357.15,12956.48,637,21,0,0.448,1
47,63957.23,12550.67,751,3,2,0.202,0
51,62421.88,20876.79,685,21,1,0.373,0
56,55959.23,20417.45,556,23,2,0.322,1
56,61636.88,16460.23,649,7,0,0.247,0
46,46524.47,15087.03,738,12,1,0.396,0
63,22652.74,19488.54,710,9,2,0.815,1
47,40667.2,1066.37,646,1,2,0.0,0
25,58141.09,12029.8,480,7,1,0.175,0
40,58254.89,1825.09,488,5,2,0.0,0
31,55827.58,19836.74,508,15,2,0.439,1
30,65974.17,9593.49,604,17,1,0.131,0
60,43377.08,2427.38,616,16,2,0.042,0
58,55533.62,8649.71,517,5,2,0.193,0
26,66441.86,16194.85,742,12,3,0.207,0
28,53302.2,13358.17,536,22,3,0.24,0
43,30133.52,5614.75,527,13,0,0.149,0
46,35770.23,1361.05,658,29,3,0.0,0
63,71617.05,15591.46,738,25,3,0.22,0
32,82849.44,10353.86,835,20,0,0.176,0
46,78505.66,12935.35,702,29,2,0.169,0
33,59643.12,13722.52,792,9,2,0.276,0
60,30937.35,18440.53,541,23,3,0.541,1
38,54872.97,21775.57,844,10,0,0.359,0
45,86245.1,16172.07,482,12,2,0.123,0
53,67369.77,12436.3,605,11,4,0.203,0
60,50850.45,15198.11,700,8,1,0.283,1
63,67572.5,12286.1,506,3,1,0.164,0
32,29612.1,1859.57,567,6,1,0.096,0
64,41086.57,23735.57,552,23,3,0.554,1
56,33316.17,22227.51,622,28,1,0.721,1
24,64391.44,30906.67,778,21,1,0.492,0
25,69282.07,33243.99,652,1,4,0.462,0
57,51923.48,5591.84,608,6,2,0.03,0
28,37541.41,12316.8,390,28,4,0.361,1
62,54605.02,35092.32,692,8,3,0.657,1
48,45268.4,14675.6,721,4,1,0.341,1
51,39076.59,16953.69,497,14,2,0.452,1
29,61779.87,2830.96,644,17,1,0.019,0
49,39840.16,16202.31,667,3,1,0.399,0
34,23673.01,30455.52,737,18,3,1.264,1
60,28117.71,25293.01,585,19,1,0.962,1
61,22934.79,10120.12,571,25,0,0.428,0
42,59950.24,11829.47,609,6,2,0.166,0
31,58008.11,5952.8,766,25,2,0.169,0
43,57010.4,8190.69,744,7,0,0.204,0
21,66754.63,1000.0,648,16,3,0.027,0
57,78839.18,14321.44,742,12,1,0.175,0
41,43154.67,27080.89,437,23,1,0.609,1
46,63129.55,17843.46,721,20,2,0.28,0
56,23407.69,25929.91,549,27,3,1.064,1
43,82574.19,23586.0,809,22,3,0.31,0
21,30103.38,10625.54,554,10,3,0.436,1
60,40798.38,8923.95,573,26,1,0.247,0
35,43045.81,9230.52,701,0,3,0.159,0
41,24474.58,1263.5,709,1,0,0.074,0
29,55651.51,15258.64,610,16,4,0.284,0
29,59278.08,1000.0,683,4,3,0.039,0
30,51211.73,19731.32,695,29,4,0.344,0
46,24195.05,15575.05,685,29,1,0.644,1
61,94667.72,18771.52,614,5,3,0.242,0
55,65984.62,23456.13,695,25,2,0.302,0
45,107684.44,16590.36,777,24,1,0.132,0
46,38897.82,28052.57,540,23,0,0.707,1
31,74157.64,19975.57,574,6,0,0.319,0
58,70585.48,8942.99,652,27,4,0.184,0
22,49188.5,13098.31,555,20,4,0.171,0
27,83221.02,1000.0,488,29,2,0.062,0
38,46891.8,7782.48,748,14,2,0.225,0
47,47782.17,11952.03,449,18,0,0.306,0
54,15000.0,19370.19,614,15,3,1.265,1
47,63180.56,8997.11,718,24,0,0.131,0
37,28489.8,5029.89,674,12,0,0.098,0
63,43985.58,1000.0,615,4,2,0.0,0
64,34475.61,10228.66,551,2,4,0.279,0
44,47675.37,30606.81,681,2,2,0.646,1
45,63877.6,17168.86,561,18,2,0.278,0
27,55222.83,22516.64,674,13,2,0.449,0
26,69192.83,7799.57,663,15,0,0.266,0
44,80312.59,2412.4,664,21,3,0.01,0
53,47624.08,5231.38,592,16,0,0.057,0
49,45428.66,14222.95,833,26,1,0.34,0
63,74154.55,1000.0,682,3,2,0.025,0
42,75740.95,6947.28,625,12,2,0.063,0
46,69811.82,10309.11,674,7,1,0.193,0
48,35956.42,4432.6,580,18,2,0.083,0
41,63453.1,1000.0,615,4,2,0.009,0
27,57189.41,17317.23,850,1,2,0.299,0
37,76050.58,15366.97,581,14,1,0.155,0
40,43542.56,21232.24,643,1,0,0.402,0
61,21667.79,6116.59,609,10,2,0.293,0
40,68804.74,21079.38,556,12,3,0.375,0
42,15000.0,27234.43,688,22,1,1.864,1
48,40369.73,17097.72,653,9,4,0.475,1
60,34536.09,10120.51,732,2,1,0.253,0
27,34401.31,16160.65,723,4,0,0.48,0
21,40019.37,9737.7,731,2,1,0.172,0
52,79347.47,8405.73,567,5,4,0.114,0
33,71411.11,20466.08,708,12,3,0.356,1
50,49965.39,13887.6,710,9,4,0.349,0
43,77672.47,24640.77,558,18,1,0.419,0
39,33754.06,11460.62,621,7,4,0.389,0
52,31034.33,12270.6,519,17,1,0.419,1
50,72271.93,10467.91,710,2,3,0.189,0
49,66592.86,6038.53,710,23,3,0.125,0
49,45794.73,21515.4,779,23,0,0.429,0
50,32290.78,32485.69,629,16,3,0.93,1
36,84194.64,11942.18,691,7,2,0.186,0
60,20597.95,9556.03,739,9,4,0.569,1
39,43031.48,9037.41,582,1,4,0.256,0
38,59571.53,9562.13,568,11,1,0.066,0
21,91043.3,28198.27,585,22,3,0.284,0
34,62662.0,9252.16,619,5,0,0.138,0
22,64606.09,10317.87,572,1,0,0.067,0
48,43612.33,5077.17,589,20,0,0.048,0
50,66369.6,17349.19,729,22,2,0.26,0
58,57106.19,14462.16,641,23,3,0.266,0
24,23230.71,5902.57,678,2,0,0.205,0
21,70858.7,7857.36,600,16,2,0.04,0
28,74407.87,27263.47,595,28,4,0.426,0
49,71067.3,15261.66,676,6,1,0.196,0
59,55666.56,15813.48,661,28,3,0.272,0
23,35876.46,15845.23,720,20,3,0.414,0
52,15000.0,26157.0,767,4,4,1.705,1
30,58141.07,6638.29,588,22,3,0.179,0
30,76638.84,11828.84,728,0,3,0.11,0
39,74910.65,13648.28,553,7,3,0.191,0
54,71321.46,1230.59,837,11,3,0.018,0
53,53515.78,7670.87,579,13,2,0.046,0
43,76749.28,23373.4,712,15,2,0.317,0
48,73483.24,21081.71,552,9,1,0.21,0
52,46547.33,22496.54,636,14,3,0.515,1
27,68531.96,10287.28,789,20,4,0.091,0
49,44280.82,11274.44,576,23,0,0.281,0
28,65800.48,1000.0,848,25,1,0.0,0
21,29017.67,22455.48,650,14,0,0.74,1
23,30555.76,23773.22,738,9,0,0.789,0
44,76164.14,23671.37,686,20,3,0.237,0
43,73751.2,27832.73,691,27,4,0.374,0
28,67672.23,18376.87,522,6,0,0.311,0
57,56759.38,27455.05,607,25,0,0.536,0
23,15000.0,13396.2,758,2,1,0.87,1
53,53502.48,1000.0,619,1,4,0.003,0
48,64083.66,21885.8,662,5,4,0.267,0
28,44305.34,1000.0,511,20,0,0.0,0
54,40750.12,16361.62,602,8,4,0.324,0
55,83888.41,22642.59,751,9,1,0.292,0
52,53794.22,17594.07,535,3,1,0.369,0
44,64095.9,33225.94,715,26,1,0.496,0
34,70482.63,1000.0,666,2,3,0.0,0
52,34971.26,14337.11,629,8,0,0.425,1
63,58864.15,15139.64,625,23,4,0.214,0
36,81392.89,4247.18,606,21,1,0.086,0
24,91384.46,5770.14,614,16,0,0.16,0
57,55798.73,8238.97,734,13,0,0.103,0
41,50241.13,6202.82,611,9,3,0.086,0
34,60380.48,14136.04,813,12,4,0.161,0
51,59872.74,10176.28,677,11,4,0.177,0
38,82735.16,17543.27,598,26,1,0.216,0
27,35072.17,20195.44,738,0,1,0.562,1
30,49402.54,19654.23,706,27,0,0.399,0
27,32657.17,11718.99,501,21,4,0.307,1
53,34758.1,17275.81,557,28,4,0.414,1
43,62531.48,23281.03,640,18,1,0.334,0
41,71197.16,18564.52,507,18,2,0.165,0
39,42012.17,29871.82,838,5,0,0.667,1
39,70441.9,22857.43,724,12,4,0.34,0
56,77231.57,28747.26,649,18,3,0.375,0
49,93694.12,1000.0,619,12,3,0.0,0
38,56394.94,15773.41,596,26,2,0.332,0
22,42204.71,12408.54,473,25,1,0.284,1
21,34950.56,14000.16,494,21,1,0.336,0
25,32964.14,8560.32,821,20,1,0.241,0
40,79995.61,18169.6,792,3,3,0.198,0
31,24698.09,1000.0,598,23,1,0.0,0
62,79354.97,18227.49,732,1,3,0.27,0
22,37631.18,8826.31,696,14,2,0.179,0
23,41295.88,10996.91,706,11,0,0.276,0
43,51968.89,18508.01,522,29,4,0.289,0
32,40926.91,15630.22,487,26,2,0.38,0
40,73639.6,23431.37,756,6,3,0.331,0
25,91266.88,7243.97,472,19,2,0.093,0
57,41851.36,14354.35,637,17,4,0.347,1
58,46355.24,22110.18,617,22,0,0.465,0
50,51733.58,17889.6,609,12,4,0.293,1
29,65821.14,18404.75,678,16,3,0.227,0
54,51930.31,23864.34,589,3,4,0.474,1
64,82745.15,11750.06,686,24,2,0.079,0
55,77932.48,10065.35,663,13,1,0.055,0
42,31290.75,19607.24,839,19,2,0.698,1
64,65419.36,13804.55,525,27,3,0.198,0
44,85406.78,23977.63,653,12,0,0.312,0
37,45104.38,17958.19,689,2,4,0.442,0
30,49114.7,10013.19,627,25,0,0.206,0
50,44439.26,17707.07,530,25,3,0.38,1
43,44858.49,7778.4,763,17,4,0.155,0
52,21630.97,22575.43,680,13,2,1.124,1
37,28433.7,3822.78,536,14,2,0.107,1
37,56549.47,24776.52,689,2,3,0.447,1
34,85271.96,17567.01,803,0,4,0.24,0
29,42732.78,13683.51,647,25,2,0.333,0
60,42144.85,21106.67,650,23,3,0.555,1
22,89030.42,19090.61,791,16,3,0.195,0
45,32834.85,25643.05,563,2,0,0.815,1
59,21775.14,25568.49,805,13,2,1.084,1
29,38429.69,17818.32,738,2,4,0.531,1
42,41744.31,8025.83,567,12,2,0.248,0
63,20050.94,10667.93,590,14,2,0.517,1
24,52439.17,14426.82,603,17,2,0.297,0
46,73968.93,23653.77,485,13,3,0.364,1
49,29280.9,11348.91,673,20,1,0.336,0
54,56751.56,12016.48,571,25,1,0.205,0
43,62918.71,29786.81,677,2,0,0.408,0
57,53332.31,14165.61,534,18,2,0.323,1
31,58713.85,9922.14,733,7,1,0.21,0
26,58946.55,21213.17,716,3,0,0.346,0
38,38745.44,14550.93,586,3,3,0.356,1
41,84971.65,3883.21,682,18,2,0.038,0
62,79955.14,23327.31,657,10,4,0.247,0
56,78798.23,9023.69,783,0,3,0.106,0
61,75273.51,15348.68,557,7,0,0.152,0
58,23500.41,14454.89,636,14,3,0.66,1
54,73521.25,16840.81,592,0,4,0.286,1
37,68112.03,1000.0,654,6,3,0.062,0
57,24269.53,12319.2,698,20,0,0.448,0
45,50701.79,23998.7,591,19,4,0.463,1
58,60535.87,25123.56,617,19,4,0.444,1
32,88286.34,7069.68,737,23,3,0.119,0
43,69494.48,22364.79,772,10,4,0.23,0
62,37708.69,8908.56,694,26,3,0.273,0
42,88907.77,12003.74,638,28,2,0.073,0
41,55875.6,12424.13,629,13,4,0.215,0
47,49883.18,15870.43,699,21,3,0.381,0
51,48457.64,23010.93,670,15,2,0.531,1
26,22528.9,17116.68,502,13,4,0.826,1
47,52804.61,13990.95,702,11,2,0.212,0
60,64949.71,22738.49,573,16,4,0.309,0
54,47292.33,8578.71,522,13,0,0.153,0
32,63409.05,14382.26,500,9,0,0.219,0
27,37712.18,22966.25,631,23,3,0.62,1
30,52181.44,19234.45,559,28,1,0.432,0
37,61330.81,11269.57,441,13,0,0.137,0
46,58793.22,2896.35,618,17,1,0.018,0
41,22890.7,17486.87,606,21,2,0.835,1
48,46219.88,2370.6,637,8,2,0.0,0
22,88549.26,13299.99,593,16,1,0.187,0
63,45151.08,24431.59,815,5,3,0.537,1
21,55316.15,19774.07,697,7,4,0.377,0
56,53264.88,1000.0,605,25,1,0.0,0
46,86364.8,16603.61,644,12,1,0.228,0
49,80807.36,12446.64,777,17,1,0.121,0
41,71150.62,4810.26,736,4,1,0.0,0
31,35535.15,17680.17,524,5,1,0.522,1
60,62183.66,11066.1,562,20,3,0.053,0
31,66358.83,11115.73,580,18,0,0.139,0
56,41027.9,15992.36,610,3,4,0.404,1
59,37589.66,9992.92,596,6,0,0.304,1
60,89100.28,15765.89,653,3,1,0.238,0
55,48983.93,10253.4,716,24,0,0.298,0
54,87299.54,10692.31,731,10,3,0.196,0
44,74941.88,22943.44,621,11,2,0.316,0
42,63157.54,23757.37,503,13,0,0.432,0
25,64050.63,1330.77,556,12,4,0.03,0
53,26991.61,20976.58,603,28,3,0.811,1
56,59135.5,26188.73,538,9,2,0.413,0
40,83340.41,27459.01,753,17,3,0.353,0
39,68626.79,19163.04,544,15,1,0.256,0
55,58086.73,6540.82,706,4,2,0.104,0
63,89238.74,20039.85,499,7,4,0.248,0
37,51299.19,8045.98,709,13,2,0.261,0
63,42608.89,12256.28,637,4,4,0.307,1
54,58076.64,18064.66,786,25,1,0.31,0
29,70329.35,8561.93,548,27,4,0.08,0
46,20644.12,5828.8,599,23,3,0.327,0
22,60697.37,18726.19,617,7,0,0.292,0
29,71206.9,29937.79,636,24,3,0.439,0
29,49607.17,24945.87,619,25,3,0.538,1
60,77139.3,20657.49,621,5,2,0.331,0
37,67823.73,22833.48,619,15,1,0.379,1
21,97827.66,20101.76,464,27,0,0.144,0
45,39987.94,18599.2,739,3,4,0.379,1
63,71614.2,22188.94,850,11,2,0.345,0
60,34653.52,4053.1,677,10,1,0.121,0
62,22692.67,16595.88,548,2,0,0.751,1
45,15000.0,14352.41,557,11,3,1.043,1
59,65766.48,15631.22,705,29,1,0.207,0
55,58684.96,11309.02,685,4,1,0.257,0
23,45418.98,19163.9,624,5,1,0.392,1
57,19529.91,8456.58,718,18,3,0.511,1
64,41192.27,10729.16,464,17,4,0.298,1
64,55081.86,9768.96,718,15,2,0.102,0
50,70863.39,21911.57,671,22,4,0.288,0
58,54669.28,14906.21,560,10,0,0.368,0
54,60041.21,11313.34,521,4,2,0.278,0
32,47477.35,12012.56,661,8,0,0.283,0
39,89984.48,15031.04,777,2,3,0.185,0
57,34635.01,27977.4,629,29,4,0.82,1
64,41015.24,5107.84,573,7,1,0.146,0
37,45152.84,20404.08,667,5,2,0.445,1
30,65854.09,18774.9,814,3,1,0.346,0
32,34222.8,7936.28,689,11,0,0.261,0
36,57714.37,26734.99,699,11,1,0.415,0
44,58298.2,19314.24,760,24,1,0.364,0
39,41112.84,10938.13,693,20,3,0.274,0
28,61599.59,1000.0,580,15,3,0.001,0
51,34843.72,16833.17,493,9,4,0.578,1
41,32658.52,14642.04,567,21,0,0.454,1
37,56992.12,6754.3,551,13,3,0.021,0
43,21804.89,6651.08,709,12,3,0.293,0
57,15000.0,21948.08,722,8,4,1.513,1
36,65656.67,1000.0,666,6,2,0.0,0
26,75979.4,17514.26,536,11,4,0.278,0
28,45663.94,13500.5,811,4,1,0.246,0
45,41638.59,18977.24,613,17,1,0.523,1
38,75110.7,12645.56,704,3,3,0.14,0
45,32089.24,17346.2,654,1,3,0.523,1
32,27732.55,9057.8,669,2,4,0.305,0
35,69152.73,14606.36,701,25,4,0.241,0
46,55180.76,18912.67,587,11,0,0.435,1
61,76297.53,16206.97,767,2,1,0.213,0
46,15000.0,18042.45,508,3,4,1.202,1
52,26986.52,7576.63,557,5,2,0.252,1
30,55286.64,10274.6,766,11,0,0.104,0
36,63353.47,10413.28,703,18,4,0.141,0
27,71939.94,12788.08,850,9,3,0.115,0
37,58496.36,25868.66,656,29,4,0.348,0
43,58293.1,12166.57,803,0,3,0.205,0
46,47211.97,5851.52,483,16,3,0.097,0
41,86818.1,19333.17,523,15,1,0.292,0
42,32939.53,25773.15,731,8,1,0.74,1
27,62180.4,4910.31,493,24,4,0.112,0
34,35243.82,30782.49,632,20,4,0.906,1
35,65695.57,18321.41,755,8,2,0.346,0
27,34259.65,23271.13,695,26,0,0.67,1
29,69876.31,26736.57,651,22,0,0.449,0
28,57242.1,22780.94,610,8,4,0.426,1
43,89892.78,14115.72,668,11,1,0.214,0
49,49379.61,24741.59,702,22,2,0.621,0
38,63499.32,17036.8,591,8,0,0.262,0
51,39406.87,23723.88,683,14,4,0.611,1
50,49242.14,24599.0,747,1,1,0.481,0
59,57114.99,6272.83,630,10,1,0.187,0
55,24455.6,21354.41,656,10,1,1.003,1
38,26647.52,13544.86,694,7,3,0.545,1
62,66997.19,16105.53,700,22,1,0.16,0
59,52078.26,16016.74,729,5,4,0.263,0
37,43141.47,15695.76,559,20,2,0.422,0
34,40260.28,27188.2,602,19,4,0.618,1
51,41030.22,4068.42,606,6,1,0.069,0
44,57251.01,1221.25,569,2,2,0.0,0
55,63900.72,1000.0,488,7,0,0.012,0
64,15000.0,23553.15,357,17,0,1.583,1
54,83256.68,8812.5,758,16,4,0.011,0
23,81834.02,16057.49,510,10,2,0.12,0
57,15000.0,14082.26,791,1,4,0.864,1
63,76718.53,7909.0,717,24,2,0.034,0
60,76104.38,21811.82,613,20,2,0.287,0
46,55008.91,13980.3,705,26,4,0.264,0
43,29056.63,13098.12,688,23,2,0.501,0
64,75304.56,16862.97,551,18,1,0.252,0
59,50175.38,20766.18,649,6,2,0.385,0
35,65977.58,7328.19,562,17,2,0.123,0
24,99384.03,21983.35,709,7,4,0.274,0
49,60036.74,26598.83,586,13,0,0.432,0
42,36662.31,3591.02,641,6,3,0.082,0
45,48285.38,17226.39,637,27,2,0.31,0
33,39211.09,12560.62,661,20,3,0.28,0
38,63669.79,20593.84,800,27,2,0.358,0
53,38878.65,5266.73,628,26,4,0.135,0
36,45542.97,28031.51,760,3,4,0.713,1
62,29311.39,2136.84,693,16,2,0.039,0
64,52358.26,13045.75,778,4,4,0.287,0
22,58535.1,18474.37,620,11,4,0.335,0
55,15000.0,9509.31,713,8,2,0.629,1
62,60191.47,8252.79,645,25,0,0.115,0
54,54086.0,16777.89,381,19,2,0.34,1
50,39700.16,15622.08,552,12,0,0.421,0
33,95572.58,15047.51,702,24,4,0.168,0
33,74169.53,21869.51,696,27,0,0.316,0
38,33071.95,11844.22,533,17,4,0.36,1
52,71764.74,17556.74,670,19,0,0.163,0
52,79889.96,10947.18,695,8,0,0.141,0
55,57640.42,8205.36,647,3,2,0.129,0
59,62228.84,12721.93,716,20,0,0.302,0
49,61766.93,11009.88,703,26,4,0.21,0
49,15000.0,11409.57,647,7,2,0.771,1
64,51262.61,24322.62,604,0,0,0.498,1
36,50221.74,12967.17,744,16,2,0.207,0
64,83603.11,9696.75,692,24,3,0.085,0
30,61674.56,15224.63,526,8,2,0.23,0
50,49047.78,15833.82,670,19,3,0.342,0
45,53197.51,5504.95,546,12,3,0.082,0
59,75467.71,12612.75,563,1,2,0.142,0
40,51308.31,12290.53,591,12,4,0.186,0
25,41036.09,13622.85,654,8,4,0.333,0
21,49485.96,20804.23,684,29,4,0.429,0
50,73813.92,16093.37,613,19,1,0.239,0
23,64923.3,24823.5,617,5,3,0.348,0
34,55885.36,14906.72,605,27,2,0.285,1
50,58830.79,29208.7,744,0,4,0.444,0
24,43805.15,11313.8,393,27,4,0.247,1
38,51121.01,8843.5,622,24,2,0.188,0
57,41733.91,19378.42,789,4,3,0.451,0
45,49104.41,25912.66,697,2,2,0.45,1
21,81923.57,3969.57,764,3,1,0.0,0
35,33442.56,13424.07,467,0,1,0.412,1
29,41225.65,10113.74,538,13,2,0.274,0
35,29914.02,16142.81,696,8,3,0.557,1
44,25581.82,15080.14,790,29,4,0.62,1
24,51264.56,25763.05,547,23,1,0.489,0
32,42647.82,14132.76,615,3,1,0.368,1
57,90233.78,25998.27,686,17,3,0.305,0
57,49343.07,12479.2,519,13,1,0.221,1
63,80787.94,22411.86,697,24,1,0.303,0
26,74360.13,16829.3,409,3,3,0.241,0
59,50820.92,28839.08,694,24,2,0.651,1
44,97202.71,3183.88,560,9,4,0.102,0
31,60370.68,5689.14,610,2,4,0.09,0
33,85260.19,29652.98,709,22,1,0.327,0
54,82931.94,9133.88,690,6,4,0.188,0
45,63292.96,9641.57,649,9,2,0.18,0
27,70022.62,7994.21,737,12,1,0.105,0
24,67481.43,24187.57,497,3,4,0.259,1
28,32114.77,4972.34,668,17,0,0.117,0
40,56145.81,15179.6,579,10,0,0.229,0
49,76484.94,12875.03,733,24,0,0.161,0
30,85523.73,23292.12,712,3,0,0.303,0
63,40587.21,10490.54,715,23,0,0.297,0
54,65576.63,18322.18,798,13,1,0.354,0
46,58017.4,5630.27,751,17,3,0.144,0
61,52642.52,33191.53,636,7,3,0.565,1
23,62120.05,13083.26,650,26,1,0.262,0
26,59359.95,15070.11,704,9,1,0.341,0
25,65828.15,28238.03,662,4,2,0.513,0
25,83834.34,10306.62,713,22,3,0.062,0
43,70682.55,28339.06,449,6,0,0.391,1
29,61211.83,11708.23,819,11,1,0.239,0
55,92292.5,20373.59,655,24,0,0.163,0
40,77198.59,10418.55,504,2,3,0.049,0
62,53152.03,4151.71,568,25,4,0.094,0
55,30657.59,18316.75,458,3,4,0.564,1
38,35243.39,20119.23,552,9,1,0.489,1
37,73664.65,4472.91,637,3,2,0.122,0
44,42393.75,12543.53,786,14,0,0.304,0
23,34838.89,24606.07,687,28,1,0.68,1
52,39838.29,19800.95,671,9,2,0.449,0
55,41252.31,11838.28,548,20,0,0.296,1
58,72012.95,10219.79,576,29,3,0.168,0
33,51865.16,30585.95,583,21,4,0.606,1
45,27552.51,3424.54,586,15,2,0.048,0
29,55620.9,14526.41,618,14,0,0.285,0
24,59445.32,3282.43,625,18,1,0.09,0
34,45413.26,25518.52,619,28,0,0.545,0
57,78117.7,14943.01,590,19,1,0.243,0
54,46581.22,16425.39,662,18,4,0.31,0
31,77166.75,37151.14,622,17,4,0.546,0
61,66935.66,10252.22,506,25,0,0.16,0
23,73532.11,28988.61,653,11,0,0.369,0
48,33028.98,11874.14,639,24,1,0.344,0
49,56966.2,13131.9,508,15,1,0.28,0
29,53943.44,36105.4,597,0,2,0.681,1
23,26559.87,13711.28,704,15,2,0.548,1
45,77101.21,4005.03,548,1,2,0.106,0
54,38651.98,17255.35,538,23,0,0.42,1
32,42808.64,13618.11,621,14,2,0.324,0
62,34733.68,17936.77,706,6,0,0.505,0
29,69023.73,13931.22,813,27,4,0.253,0
35,24481.41,32724.36,709,0,3,1.318,1
60,67357.5,19453.89,748,4,4,0.291,0
45,75890.28,6400.28,681,9,0,0.199,0
25,65743.57,15996.37,588,21,0,0.308,0
31,69252.57,8602.96,709,20,3,0.072,0
54,70190.93,13018.29,642,3,1,0.231,0
44,36011.51,7716.47,684,13,1,0.249,0
35,83694.7,31856.95,565,12,1,0.326,0
58,45798.47,9468.92,692,0,2,0.201,0
28,53672.25,20500.51,639,15,1,0.335,0
25,48347.25,12412.16,671,22,2,0.137,0
46,64830.84,5732.69,642,8,2,0.081,0
38,44239.26,16581.19,625,21,1,0.35,0
26,56338.31,18205.53,694,15,1,0.268,0
57,30293.12,19469.01,613,18,3,0.642,1
33,78293.3,1000.0,507,14,3,0.0,0
48,68414.82,5121.23,481,25,2,0.077,0
25,49154.8,22660.44,667,13,3,0.462,1
33,45617.02,7611.14,610,19,2,0.201,0
37,67892.56,16623.55,494,9,0,0.165,0
60,40854.13,4935.8,660,20,2,0.228,0
52,57507.31,20852.81,642,11,2,0.45,0
49,78227.98,22450.16,605,27,3,0.248,0
23,38774.86,20855.28,672,0,0,0.611,1
60,62372.02,23260.45,768,20,4,0.416,0
54,61314.51,27511.2,766,16,4,0.427,0
60,53053.26,5607.41,663,8,4,0.075,0
47,44924.21,8690.62,642,22,0,0.167,0
33,79295.94,22180.35,664,18,1,0.421,0
53,43048.63,24041.76,678,24,0,0.626,1
26,18759.22,9605.26,626,17,3,0.502,1
44,67810.67,9048.91,666,27,2,0.128,0
39,30973.93,9782.29,508,6,2,0.358,1
36,68837.62,2159.24,657,8,3,0.072,0
60,81698.06,4828.71,693,21,3,0.011,0
48,67595.0,5021.66,606,25,2,0.089,0
53,76428.23,12647.21,641,20,1,0.138,0
61,95400.98,17166.69,550,11,1,0.188,0
33,74335.21,18467.78,537,6,1,0.246,0
63,61611.47,10931.5,669,13,3,0.228,0
45,87678.96,11128.1,584,14,2,0.114,0
62,90095.51,15989.29,490,14,2,0.183,0
56,90375.44,3031.88,550,5,2,0.0,0
47,45157.13,22675.52,563,20,0,0.518,0
58,27919.63,25283.08,720,13,0,0.867,1
27,43936.16,9995.35,666,1,4,0.152,0
25,69072.83,11812.51,572,7,0,0.227,0
63,58183.18,24946.5,597,12,1,0.427,0
51,50870.38,14015.59,768,22,1,0.172,0
43,66209.63,19705.96,734,5,1,0.258,0
62,25583.9,14261.56,549,4,1,0.558,1
30,57823.39,27450.46,755,4,4,0.476,0
52,77369.15,18920.64,643,24,1,0.22,0
63,65986.31,19381.25,722,0,3,0.125,0
50,68836.2,19530.45,635,8,3,0.256,0
59,86947.46,10559.09,757,5,3,0.175,0
51,53677.13,11294.09,546,19,0,0.281,0
38,41938.17,21153.97,627,25,2,0.474,0
56,78790.3,16011.3,759,29,4,0.297,0
22,78422.41,5579.11,435,6,3,0.0,0
34,66165.83,29984.84,646,8,3,0.413,0
33,51792.58,22824.57,615,4,1,0.485,0
49,55027.59,15301.01,712,13,3,0.315,0
32,29464.54,12811.99,746,4,1,0.434,1
59,77258.93,16589.41,716,7,1,0.159,0
22,76553.03,19140.16,672,6,2,0.194,0
52,28766.34,1000.0,654,12,0,0.0,0
33,72352.64,31898.8,619,12,1,0.387,0
47,63082.03,8680.93,669,7,1,0.144,0
61,34560.52,14984.75,781,10,2,0.429,1
37,30880.0,15278.94,575,27,1,0.437,1
60,62469.87,30974.8,614,25,4,0.478,0
51,47045.92,14295.01,643,17,0,0.171,0
54,91398.98,27708.06,740,24,4,0.32,0
44,74051.97,18253.82,670,18,3,0.282,0
55,64473.86,7304.92,739,5,0,0.068,0
26,65461.58,16077.66,743,21,3,0.206,0
39,81617.34,14051.93,703,1,1,0.185,0
50,71930.36,6327.44,554,27,2,0.093,0
27,64995.33,17861.78,799,12,4,0.313,0
30,35394.78,15176.82,777,22,3,0.39,0
61,116238.94,19451.37,656,24,1,0.134,0
52,32936.34,16546.82,526,27,4,0.491,1
54,48749.15,9791.18,510,25,4,0.148,0
48,21905.43,21146.67,673,10,3,0.953,1
35,65775.96,10004.81,587,0,1,0.1,0
50,58022.21,1000.0,495,23,2,0.038,0
57,70305.53,16029.22,508,1,3,0.181,0
49,20218.69,10567.41,608,29,4,0.535,1
42,77258.11,18057.04,668,16,4,0.307,0
24,38851.29,30990.97,777,7,0,0.819,0
40,52019.9,31221.92,694,1,1,0.609,0
52,73631.43,13679.02,616,5,0,0.118,0
56,60225.33,8387.88,684,21,2,0.209,0
24,61638.85,19677.47,676,4,3,0.375,0
47,70983.58,12038.2,717,15,4,0.162,0
37,63575.81,18134.21,646,7,1,0.266,0
32,48177.84,9713.11,743,18,4,0.161,0
42,51670.62,17005.54,724,15,0,0.419,0
37,59237.57,8504.21,657,12,0,0.183,0
30,37088.88,24474.03,639,25,3,0.622,1
21,74920.17,10280.18,733,19,1,0.192,0
42,60773.08,20288.82,586,6,1,0.401,1
46,56495.53,4881.86,514,15,3,0.085,0
38,78849.93,21249.39,514,22,0,0.252,0
34,52597.73,7268.93,578,15,0,0.089,0
49,51351.58,17089.41,709,28,0,0.368,0
32,45307.42,23185.61,612,11,4,0.49,1
56,61861.34,13400.14,668,13,2,0.193,0
55,61169.0,6766.66,605,23,0,0.11,0
32,41674.32,18974.5,606,17,2,0.414,1
27,51446.12,8272.15,558,26,2,0.237,0
49,41807.95,11766.04,642,27,1,0.33,0
31,40902.63,17123.7,634,17,3,0.422,1
53,20402.04,25885.41,687,15,4,1.226,1
26,50381.79,15212.43,676,19,2,0.262,0
35,20955.73,15182.86,632,15,4,0.682,1
52,45743.69,20900.1,514,12,1,0.395,1
31,42746.11,15402.98,746,25,0,0.376,0
43,76037.9,20084.24,642,28,2,0.232,0
46,34701.3,23628.27,657,8,3,0.646,1
54,39776.27,12378.1,794,25,1,0.27,0
54,47369.52,1000.0,732,27,4,0.071,0
49,43397.13,8456.58,690,8,0,0.157,0
24,82385.1,24669.46,650,12,4,0.363,0
37,32228.65,14729.88,649,28,3,0.443,1
55,47411.91,12286.96,672,3,2,0.197,0
33,61641.3,24334.28,687,8,3,0.418,0
61,72623.67,14189.4,804,14,4,0.24,0
59,47395.17,1000.0,850,13,4,0.0,0
35,16638.01,2957.58,676,18,3,0.181,0
49,51997.92,18349.18,456,11,3,0.369,0
49,82040.57,14464.87,564,20,3,0.181,0
31,60643.75,26637.25,813,25,0,0.416,0
52,59728.36,9133.85,715,24,4,0.197,0
22,33739.64,12523.99,688,5,1,0.359,0
34,31686.57,7923.98,635,2,0,0.22,0
40,55360.83,10835.25,543,25,0,0.107,0
42,26472.42,1000.0,801,24,0,0.0,0
31,70627.24,11914.52,576,21,1,0.179,0
47,38067.08,14585.05,716,19,3,0.379,1
23,54506.85,13909.35,533,15,4,0.3,0
37,17284.66,32196.43,631,29,2,1.919,1
64,47123.96,29667.88,739,19,2,0.617,0
48,31282.79,8992.8,628,23,4,0.335,0
49,15000.0,1000.0,617,22,1,0.039,0
41,65836.84,14206.4,651,16,2,0.208,0
36,87823.19,18012.08,530,15,0,0.196,0
57,77589.47,8116.13,513,5,2,0.184,0
40,68633.81,8512.19,714,7,4,0.06,0
26,46717.58,27660.44,612,18,0,0.595,0
39,71117.8,12939.59,714,29,2,0.147,0
25,79477.06,20298.0,751,24,4,0.24,0
23,57736.44,7557.55,758,25,1,0.114,0
21,31312.8,14544.48,504,1,4,0.468,1
58,45012.31,12309.29,587,13,1,0.341,1
35,89053.93,9597.01,698,21,0,0.203,0
54,53505.12,24242.4,700,11,4,0.486,0
55,15000.0,3888.98,850,16,3,0.21,0
45,25621.53,17400.45,568,27,3,0.67,1
44,46511.03,12159.03,755,26,3,0.274,0
32,75716.5,18318.6,684,14,3,0.222,0
38,49537.55,12267.39,502,17,3,0.234,1
35,76088.63,21937.54,601,15,1,0.285,0
64,44476.75,7482.38,674,12,4,0.207,0
36,15714.15,24260.43,497,20,0,1.57,1
47,45168.78,14769.58,463,16,3,0.296,1
28,61898.9,4371.98,491,7,3,0.1,0
45,60239.01,20441.72,673,0,0,0.426,1
37,29897.85,13409.2,606,28,0,0.373,0
49,47976.08,1337.3,594,24,3,0.006,0
28,108693.48,17659.74,597,25,1,0.137,0
35,30334.62,23052.77,522,26,0,0.764,1
47,68214.47,25257.09,609,2,4,0.279,0
27,15000.0,11973.18,486,15,4,0.866,1
23,72275.84,16162.54,757,27,1,0.226,0
49,37153.49,15404.29,802,1,2,0.43,0
64,63041.77,26918.42,441,14,1,0.436,1
44,29169.49,8516.09,608,0,3,0.266,1
23,60817.06,11282.72,614,8,2,0.22,0
40,36826.99,8322.24,634,15,3,0.226,0
35,40699.04,3406.8,740,3,4,0.0,0
45,63839.72,16982.3,608,11,0,0.261,0
50,46392.29,27810.39,642,0,3,0.586,1
34,62607.63,13412.12,850,0,4,0.249,0
27,51183.17,7944.83,640,6,1,0.29,0
37,56349.87,16494.88,809,17,3,0.312,0
64,63901.73,19712.95,695,22,4,0.414,1
40,47999.63,13749.09,600,27,0,0.252,0
56,35079.0,26228.28,585,22,3,0.717,1
29,44353.75,8501.1,649,14,4,0.179,0
58,78902.78,12704.24,549,25,3,0.182,0
42,57323.46,17367.9,572,29,0,0.271,0
22,38102.03,18143.71,612,24,3,0.396,0
44,63031.21,15377.82,676,12,3,0.245,0
28,64366.31,4772.64,814,15,4,0.017,0
31,65399.98,33704.09,606,6,2,0.571,0
33,35443.26,13112.24,692,15,3,0.402,0
37,41352.18,15882.14,503,12,2,0.346,0
28,41463.42,19934.09,745,13,1,0.504,0
41,47787.04,9907.96,495,16,3,0.18,0
38,65778.38,15455.41,722,11,2,0.232,0
50,60923.7,9582.48,643,28,1,0.155,0
38,62504.34,18324.41,639,23,4,0.276,0
51,82080.38,12791.82,623,23,3,0.197,0
58,68777.82,17149.75,533,19,4,0.193,0
52,52163.97,6627.7,538,12,1,0.154,0
31,31322.3,8368.67,725,23,4,0.282,0
45,40709.06,4078.87,651,19,4,0.03,0
53,49765.9,9315.76,622,14,0,0.147,0
58,71582.6,1000.0,690,23,1,0.0,0
61,54453.36,12543.2,659,20,4,0.212,0
28,41876.08,10726.08,579,3,2,0.259,1
31,40342.14,16207.29,850,21,1,0.355,0
42,53608.44,15356.86,717,1,0,0.335,0
44,72799.75,25056.64,661,27,3,0.397,0
61,86820.39,35754.48,604,17,4,0.474,0
37,50884.63,24100.31,736,1,2,0.338,0
32,54105.14,11375.14,579,24,0,0.308,0
52,30721.17,11052.87,572,14,1,0.368,1
35,93783.85,21949.3,802,29,4,0.236,0
36,26979.94,1533.24,653,25,0,0.052,0
42,78433.25,12478.38,581,18,0,0.093,0
48,47693.28,13094.78,651,14,2,0.293,0
40,43012.67,19673.05,727,25,3,0.538,0
53,32799.93,19910.93,706,19,3,0.615,1
30,103200.97,9043.52,738,9,3,0.032,0
60,59429.83,11685.02,538,27,1,0.12,0
52,55425.61,18560.83,735,23,0,0.32,0
53,72734.65,8608.63,634,19,1,0.081,0
22,41983.35,24648.95,658,10,0,0.622,1
53,55036.92,19873.4,759,25,2,0.43,0
53,56126.73,16372.08,713,9,2,0.315,0
61,44757.09,18127.52,682,28,1,0.401,0
33,78992.76,11264.88,471,22,1,0.136,0
50,50626.91,9989.67,646,4,2,0.201,0
53,23937.36,11602.22,579,8,4,0.427,1
33,48970.05,18999.73,714,19,3,0.418,0
46,59983.57,16608.12,739,18,3,0.223,0
42,37130.14,11618.28,623,12,2,0.369,0
59,38708.1,20996.65,590,17,3,0.524,1
22,44074.82,13608.43,790,16,4,0.35,0
58,79424.71,9453.51,596,26,4,0.045,0
59,45256.84,17034.73,542,5,0,0.418,0
46,83582.34,6895.76,575,9,1,0.151,0
35,42700.99,1502.21,600,1,3,0.0,0
54,61500.28,14959.16,572,23,4,0.238,0
62,46075.15,9740.69,726,5,1,0.228,0
64,70081.66,12966.77,452,27,1,0.204,0
60,32634.52,7266.14,571,27,0,0.206,1
31,69857.19,24671.46,646,20,1,0.327,0
23,57277.39,9708.06,669,12,1,0.182,0
26,42200.16,11544.0,802,17,2,0.291,0
29,51675.57,18023.07,789,6,0,0.317,1
26,85677.1,3987.09,506,1,0,0.005,0
29,57756.89,3395.6,478,28,3,0.119,0
59,40945.44,18047.62,652,13,1,0.446,0
51,30906.13,11440.42,589,4,3,0.257,0
52,65108.09,7788.04,543,17,4,0.18,0
61,58916.9,19826.99,651,10,1,0.307,0
32,68900.41,8504.63,671,9,4,0.127,0
28,25755.51,12803.9,574,10,2,0.516,1
28,31554.79,7830.96,594,26,1,0.174,0
48,77937.58,17427.5,581,1,3,0.209,0
40,61626.83,25656.61,613,14,3,0.482,1
27,65668.02,1000.0,699,6,1,0.07,0
31,35746.26,15901.26,553,8,3,0.43,1
40,35380.26,21852.71,592,4,1,0.653,1
36,74825.17,11628.18,614,6,0,0.198,0
24,75767.55,5951.66,649,19,3,0.118,0
26,33233.61,18367.71,675,1,1,0.495,1
42,29412.59,23013.23,834,2,1,0.864,1
46,52828.14,22124.18,701,1,3,0.396,1
23,39013.03,17927.27,704,20,0,0.465,0
61,38596.46,15783.31,626,21,3,0.391,0
62,29972.44,7807.9,562,22,1,0.272,1
34,45631.32,21921.96,602,18,0,0.437,0
31,31906.11,21479.65,586,3,4,0.662,1
38,33091.98,5895.53,685,23,2,0.187,0
32,60967.84,17915.84,501,19,3,0.355,0
43,53896.04,20222.59,703,6,1,0.43,1
32,64697.57,22056.91,639,27,0,0.399,0
33,22019.33,14400.08,716,21,0,0.697,1
45,55197.61,8139.46,585,6,4,0.24,0
39,96512.75,10983.07,569,16,3,0.099,0
56,47554.55,6942.0,613,18,0,0.138,0
28,71494.98,14591.51,611,21,4,0.194,0
49,71320.14,13024.92,723,15,1,0.18,0
52,72303.97,32160.29,722,2,4,0.373,0
64,58333.23,22157.42,821,14,3,0.393,0
38,66321.72,22756.38,605,13,4,0.368,0
26,68980.27,18770.82,349,14,0,0.259,1
38,67708.92,12061.46,613,13,0,0.09,0
39,32651.64,12796.88,671,6,2,0.393,0
42,20852.31,13529.05,714,24,4,0.584,0
57,23928.33,16505.87,677,2,1,0.711,1
52,49596.8,18113.36,605,29,3,0.371,0
61,66878.53,15005.67,804,16,2,0.235,0
23,32911.77,12675.21,557,9,4,0.332,0
48,73479.41,10247.07,625,14,1,0.203,0
30,44954.5,3858.81,553,28,2,0.094,0
55,45144.9,25267.03,652,5,0,0.514,1
49,38277.86,32644.24,793,27,3,0.882,1
35,17304.27,24594.69,637,16,4,1.426,1
53,59586.28,4927.47,638,16,1,0.175,0
27,89253.35,21296.13,497,13,0,0.211,0
32,53746.71,23190.21,624,23,2,0.369,0
50,17987.37,11772.5,754,24,3,0.669,1
41,70606.86,18911.42,627,17,2,0.318,0
51,22504.04,11349.58,621,24,2,0.62,1
44,30819.31,27231.43,750,4,1,1.055,1
40,50233.24,17922.97,622,28,0,0.279,0
57,57456.87,7662.76,766,7,4,0.127,0
24,34826.72,20358.46,534,6,1,0.522,1
48,49453.68,23470.25,711,22,3,0.462,0
64,69303.25,16585.05,798,3,2,0.363,0
40,72043.58,18835.53,741,17,3,0.22,0
44,80029.13,14441.97,482,4,1,0.179,0
52,93188.37,5925.76,593,15,1,0.035,0
61,71197.79,13786.13,628,13,4,0.143,0
56,50665.27,19184.32,741,26,2,0.468,0
54,72186.28,13975.79,530,26,1,0.117,0
56,64334.32,21406.12,558,18,3,0.329,0
22,65127.34,11862.55,506,13,4,0.187,0
35,58544.38,12387.27,576,8,3,0.21,0
54,36758.92,21648.96,537,5,2,0.573,1
56,34438.07,16774.82,794,16,4,0.568,1
26,53057.64,11706.23,592,18,4,0.115,0
59,57978.2,23270.44,712,11,4,0.423,0
62,41411.18,9490.11,652,3,0,0.253,0
32,63466.84,9184.41,650,15,4,0.159,0
23,96615.32,1000.0,597,24,3,0.0,0
38,20113.39,10568.25,719,10,3,0.586,1
60,66644.89,25469.73,664,21,2,0.44,0
41,53680.51,1000.0,659,3,1,0.0,0
35,64013.11,7384.64,597,16,1,0.055,0
53,46385.71,18512.55,611,7,0,0.33,0
55,52078.8,1000.0,703,13,4,0.03,0
46,57590.01,10914.41,671,26,0,0.192,0
28,48967.32,24126.91,661,1,2,0.475,1
56,24589.17,31344.21,582,10,2,1.379,1
50,50321.7,17321.97,825,10,1,0.321,0
43,26671.33,7588.26,607,23,2,0.294,1
62,68063.86,7318.97,647,21,4,0.098,0
64,17689.1,16159.26,633,23,3,1.012,1
34,75573.09,17247.71,826,5,2,0.129,0
34,63591.26,29863.43,624,20,0,0.454,0
22,63667.77,22766.44,616,20,4,0.388,0
57,15000.0,15672.85,661,13,2,1.034,1
25,48428.01,12318.34,588,29,2,0.189,0
58,78071.27,39117.69,660,9,4,0.51,0
61,44627.84,20012.76,850,25,2,0.367,0
34,33438.76,9649.99,677,26,3,0.322,0
59,42266.6,13203.02,674,7,1,0.292,1
45,53634.45,7980.36,585,6,4,0.12,0
40,37972.59,1000.0,804,7,0,0.079,0
22,79676.34,17501.21,825,27,2,0.169,0
59,53706.65,29259.63,727,7,1,0.468,0
26,43888.61,1955.54,709,22,0,0.0,0
37,28973.13,15442.1,629,1,0,0.635,1
45,64688.93,9344.76,685,26,3,0.094,0
48,64233.33,19172.02,575,15,1,0.317,0
22,39155.82,13621.36,549,8,4,0.39,1
55,15000.0,4119.56,516,12,1,0.228,1
57,63215.24,7151.17,687,22,1,0.066,0
25,51263.93,8357.6,526,11,0,0.172,0
21,61721.42,25754.55,605,26,3,0.429,0
60,94143.49,25346.07,644,21,3,0.337,0
32,54463.36,12509.22,740,24,1,0.191,0
56,44723.23,24822.43,598,28,1,0.536,0
43,32053.56,13614.53,750,16,2,0.567,1
51,48751.56,12386.7,735,26,0,0.164,0
31,58211.55,15456.94,554,1,4,0.166,0
30,56066.15,17278.6,751,12,4,0.239,0
23,89469.31,10556.44,624,0,3,0.173,0
34,64981.71,15174.93,605,25,0,0.212,0
36,52303.98,21298.58,625,27,3,0.385,0
30,40868.79,16036.32,650,18,4,0.344,0
49,60333.46,15342.26,613,10,1,0.3,0
30,36859.84,18953.44,574,4,0,0.446,1
32,58596.62,20333.65,582,0,0,0.318,1
50,64748.28,14499.07,663,19,2,0.178,0
61,50670.96,11206.55,636,29,1,0.088,0
21,42394.27,16513.63,697,12,1,0.366,0
25,15000.0,2248.29,655,7,3,0.147,0
40,77876.73,13317.42,657,5,0,0.132,0
28,63066.01,1000.0,703,28,3,0.002,0
63,63552.35,1593.67,778,16,1,0.013,0
32,23772.95,1000.0,781,11,2,0.035,0
21,82596.77,23378.81,771,0,0,0.23,0
40,45695.66,15111.85,728,2,1,0.275,0
48,49224.09,4903.61,838,13,2,0.102,0
63,33614.26,18928.53,689,25,4,0.489,1
57,19261.09,22909.24,679,7,1,1.179,1
57,78146.93,19067.88,850,10,4,0.326,0
32,80731.95,13490.32,405,26,3,0.165,0
57,51689.44,16859.89,631,13,4,0.235,0
64,41412.31,22211.97,763,7,1,0.545,0
48,47459.12,11246.03,738,28,4,0.278,0
35,48007.7,15238.94,850,2,0,0.278,0
26,31002.81,12942.46,660,6,1,0.403,1
64,49154.9,2092.67,611,27,2,0.0,0
40,58062.04,22332.55,620,18,4,0.362,1
34,75363.14,31458.17,679,3,0,0.384,0
22,55284.88,8009.64,796,24,3,0.167,0
29,23472.97,22701.44,797,15,3,1.05,1
57,62070.96,8264.05,645,12,4,0.136,0
40,49881.39,16062.3,673,19,3,0.245,0
46,82408.19,27064.1,595,18,2,0.455,0
49,83589.16,10836.49,604,4,1,0.159,0
21,84289.09,14882.51,744,22,0,0.216,0
55,43768.24,1000.0,794,4,4,0.02,0
26,94797.1,9686.37,587,19,3,0.114,0
57,62018.85,1000.0,672,23,1,0.0,0
25,87527.61,18433.42,628,3,2,0.256,0
53,44947.61,21653.1,728,1,3,0.458,1
34,49028.07,13226.92,615,25,3,0.294,0
32,60480.55,17287.1,477,12,0,0.334,0
62,58037.55,12394.16,740,29,2,0.276,0
40,80096.24,20924.36,623,15,2,0.313,0
44,50357.41,16035.7,632,21,4,0.267,1
63,78292.3,1000.0,689,1,0,0.091,0
54,69644.69,22519.85,682,18,4,0.357,0
45,50732.16,11883.66,691,16,0,0.25,0
49,68093.53,4836.96,503,4,2,0.092,0
59,45534.7,11488.53,700,24,0,0.244,0
51,102004.12,1000.0,478,17,0,0.0,0
63,15000.0,5000.89,719,27,0,0.315,0
43,68458.86,16143.6,751,22,1,0.3,0
64,19708.08,16813.69,527,20,1,0.857,1
58,50486.87,17451.51,680,17,2,0.36,0
40,53287.84,15025.68,745,7,0,0.285,0
43,85152.67,9457.08,610,26,2,0.078,0
36,41156.96,14564.33,711,14,1,0.247,0
62,81160.24,11502.34,399,12,0,0.18,0
28,31423.67,1993.75,749,12,4,0.097,0
41,81933.39,8820.68,653,15,1,0.107,0
21,45513.09,22116.33,627,21,1,0.431,0
28,56468.69,27706.35,739,19,1,0.582,0
49,48272.43,20210.2,806,12,0,0.402,0
52,80647.27,27349.58,694,19,3,0.352,0
58,76754.8,15683.11,795,1,4,0.169,0
25,63870.03,28939.01,510,2,4,0.386,1
42,31962.63,31435.91,710,14,2,1.013,1
54,40699.56,1132.24,638,22,0,0.0,0
21,34428.47,16771.95,579,18,1,0.499,0
46,15000.0,15691.44,476,12,3,1.058,1
63,80226.36,11607.17,705,4,0,0.089,0
30,48443.53,18935.32,729,25,0,0.326,0
50,48230.12,15329.0,771,21,3,0.279,0
38,84922.04,9116.41,756,5,1,0.076,0
37,45480.23,14787.16,581,13,0,0.249,0
46,38190.58,24636.76,766,3,4,0.589,1
28,50505.09,16460.3,776,21,4,0.33,0
60,32346.62,20015.64,627,18,3,0.718,1
32,61887.12,12783.58,653,22,1,0.257,0
47,47526.76,18616.51,566,6,3,0.4,1
28,44854.57,5326.28,783,3,0,0.175,0
45,43121.94,11002.24,514,1,4,0.313,0
24,52875.57,14178.65,698,26,2,0.253,0
53,56669.62,4789.31,596,6,3,0.097,0
21,44600.5,8358.27,550,2,2,0.236,1
39,47824.68,17504.89,481,14,2,0.422,1
51,53369.54,16038.66,631,0,4,0.357,0
36,51351.64,21450.92,536,1,3,0.366,1
34,55621.52,10195.91,655,9,2,0.242,0
25,41466.58,15460.82,809,15,0,0.466,0
61,75091.86,9625.06,668,24,1,0.203,0
46,56936.56,20649.03,830,27,1,0.308,0
48,44923.06,24525.97,562,14,4,0.479,1
22,61887.68,18866.6,535,23,3,0.328,0
26,53512.63,23489.55,558,14,3,0.513,1
29,20323.47,15260.0,644,13,1,0.762,1
53,61819.05,21444.75,850,21,0,0.335,0
61,34609.88,15603.34,500,13,1,0.446,0
45,73688.56,6800.58,706,5,1,0.143,0
33,50165.01,16973.77,587,13,3,0.322,1
29,70601.41,7037.63,630,16,2,0.124,0
33,42395.63,33713.03,537,17,0,0.789,1
51,56398.59,12327.29,729,19,3,0.174,0
61,79204.87,20160.3,646,18,1,0.206,0
31,49619.67,14900.69,748,29,2,0.327,0
24,43183.66,5131.09,666,16,0,0.0,0
54,68100.81,1000.0,476,15,4,0.039,0
58,67713.23,20992.11,749,7,0,0.301,0
24,44025.02,27394.73,469,6,0,0.67,1
58,15290.78,9121.57,482,19,1,0.627,1
39,42799.54,1746.46,567,27,1,0.043,0
26,68547.19,12398.7,569,11,4,0.128,0
54,39499.32,7503.06,776,8,4,0.139,0
38,54781.24,9797.47,635,26,4,0.147,0
33,41850.3,19882.99,762,13,3,0.519,0
61,16356.66,14596.3,599,19,3,0.981,1
43,41490.38,8363.94,679,0,1,0.218,1
